"ride_id","rideable_type","started_at","ended_at","start_station_name","start_station_id","end_station_name","end_station_id","member_casual"
"BE6D32CCD2C8C9BA","classic_bike",2022-03-28 18:20:59,2022-03-28 18:20:59,"Franklin St & Lake St","TA1307000111","Franklin St & Lake St","TA1307000111","casual"
"ED243C51D5046FEA","electric_bike",2022-03-20 15:09:31,2022-03-20 15:09:31,"Montrose Harbor","TA1308000012","Montrose Harbor","TA1308000012","member"
"8D4DB330D85196A4","electric_bike",2022-03-05 14:26:44,2022-03-05 14:26:44,"Clark St & Lake St","KA1503000012","Clark St & Lake St","KA1503000012","casual"
"BEB930450FDB0247","electric_bike",2022-03-23 07:29:19,2022-03-23 07:29:19,"Green St & Madison St","TA1307000120","Green St & Madison St","TA1307000120","member"
"C902FD2CAD5AB02E","classic_bike",2022-03-21 18:02:25,2022-03-21 18:02:25,"Dearborn St & Erie St","13045","Dearborn St & Erie St","13045","member"
"F75D445DEF201005","electric_bike",2022-03-20 20:28:48,2022-03-20 20:28:48,"Southport Ave & Roscoe St","13071","Southport Ave & Roscoe St","13071","member"
"336E8FE03E1A80F9","docked_bike",2022-03-05 16:09:15,2022-03-05 16:09:15,"Streeter Dr & Grand Ave","13022","Streeter Dr & Grand Ave","13022","casual"
"62895829137A01A8","electric_bike",2022-03-20 09:11:15,2022-03-20 09:11:15,"Wells St & Huron St","TA1306000012","Wells St & Huron St","TA1306000012","member"
"3F9746C96CA1F772","electric_bike",2022-03-22 20:34:20,2022-03-22 20:34:20,"Wells St & Polk St","SL-011",NA,NA,"member"
"58DEE051AFD8D939","electric_bike",2022-03-17 16:09:26,2022-03-17 16:09:26,"Paulina St & Flournoy St","KA1504000104","Paulina St & Flournoy St","KA1504000104","member"
"2D97E3C98E165D80","classic_bike",2022-03-05 11:00:57,2022-03-05 10:55:01,"DuSable Lake Shore Dr & Wellington Ave","TA1307000041","DuSable Lake Shore Dr & Wellington Ave","TA1307000041","casual"
"7407049C5D89A13D","electric_bike",2022-03-05 11:38:04,2022-03-05 11:37:57,"Sheffield Ave & Wellington Ave","TA1307000052","Sheffield Ave & Wellington Ave","TA1307000052","casual"
"71C0088C275924DC","electric_bike",2022-03-06 15:18:59,2022-03-06 15:18:59,"University Library (NU)","605",NA,NA,"member"
"8075B30AEA6DB1E6","electric_bike",2022-03-17 11:51:26,2022-03-17 11:51:26,"Canal St & Monroe St","13056",NA,NA,"casual"
"DBFA3DEA958796C4","electric_bike",2022-03-31 09:10:22,2022-03-31 09:10:22,"Michigan Ave & Lake St","TA1305000011",NA,NA,"member"
"F3D9AB2C1A5B70C1","electric_bike",2022-03-01 18:58:51,2022-03-01 18:58:51,"Racine Ave & 13th St","13165",NA,NA,"casual"
"FFEE1DBE3244F3CA","electric_bike",2022-03-21 16:44:26,2022-03-21 16:44:26,"Larrabee St & Division St","KA1504000079",NA,NA,"member"
"6B67D8C69B5967E5","electric_bike",2022-03-22 09:18:34,2022-03-22 09:18:34,"Wood St & Chicago Ave","637","Wood St & Chicago Ave","637","casual"
"23F616858633B69F","classic_bike",2022-04-22 03:14:59,2022-04-22 03:14:59,"LaSalle Dr & Huron St","KP1705001026","LaSalle Dr & Huron St","KP1705001026","casual"
"9E2FA394F0915810","electric_bike",2022-04-19 13:12:01,2022-04-19 13:12:01,"Kimbark Ave & 53rd St","TA1309000037",NA,NA,"member"
"062A542A5B97C96C","electric_bike",2022-04-12 21:47:37,2022-04-12 21:47:37,"Elizabeth (May) St & Fulton St","13197","Elizabeth (May) St & Fulton St","13197","casual"
"EFC80382A7259B1B","electric_bike",2022-04-10 13:07:26,2022-04-10 13:07:26,"State St & Van Buren St","TA1305000035","State St & Van Buren St","TA1305000035","casual"
"215D0990183EFDF7","classic_bike",2022-04-13 14:30:40,2022-04-13 14:30:40,"Broadway & Waveland Ave","13325","Broadway & Waveland Ave","13325","member"
"560DDAAC2C996851","classic_bike",2022-04-23 16:46:56,2022-04-23 16:46:56,"Wilton Ave & Belmont Ave","TA1307000134","Wilton Ave & Belmont Ave","TA1307000134","member"
"EA550A6E5FE51C03","electric_bike",2022-04-10 18:38:20,2022-04-10 18:38:20,"Delano Ct & Roosevelt Rd","KA1706005007","Delano Ct & Roosevelt Rd","KA1706005007","member"
"38675987260BAF62","electric_bike",2022-04-22 06:46:02,2022-04-22 06:46:02,"Sedgwick St & North Ave","TA1307000038","Sedgwick St & North Ave","TA1307000038","member"
"35DECED97C12DFB9","electric_bike",2022-04-23 11:33:15,2022-04-23 11:33:15,"Sedgwick St & North Ave","TA1307000038","Sedgwick St & North Ave","TA1307000038","casual"
"B87B17399C224429","classic_bike",2022-04-25 18:35:24,2022-04-25 18:35:24,"Broadway & Ridge Ave","15578","Broadway & Ridge Ave","15578","member"
"DF319A0EC693E720","electric_bike",2022-04-11 16:22:05,2022-04-11 16:22:05,"Fairbanks St & Superior St","18003",NA,NA,"casual"
"6D1B0980CCAAAD2F","electric_bike",2022-04-10 11:17:41,2022-04-10 11:17:41,"Streeter Dr & Grand Ave","13022",NA,NA,"casual"
"A5EDDDDA5F6D5A37","electric_bike",2022-04-09 17:06:05,2022-04-09 17:06:05,"Clinton St & Jackson Blvd","638",NA,NA,"member"
"586A017F24BEF653","electric_bike",2022-04-14 16:48:38,2022-04-14 16:48:38,"Homewood Ave & 115th St","20206",NA,NA,"casual"
"4575BF7F2AFADA0F","electric_bike",2022-04-26 09:38:24,2022-04-26 09:38:24,"Lakefront Trail & Bryn Mawr Ave","15576",NA,NA,"casual"
"455A1D867CCD170C","electric_bike",2022-04-15 15:23:12,2022-04-15 15:23:12,"Lincoln Ave & Fullerton Ave","TA1309000058",NA,NA,"casual"
"436C36091C0C8CD2","electric_bike",2022-04-11 16:06:44,2022-04-11 16:06:44,"Damen Ave & Clybourn Ave","13271",NA,NA,"casual"
"BB2D0E8E7ACADFBC","electric_bike",2022-04-04 06:05:05,2022-04-04 06:05:05,"New St & Illinois St","TA1306000013",NA,NA,"member"
"9D2E9625BCFF5726","electric_bike",2022-04-14 12:57:27,2022-04-14 12:57:27,"Chicago Ave & Washington St","E002",NA,NA,"casual"
"71F7B833A16ED6C7","electric_bike",2022-04-23 19:33:05,2022-04-23 19:33:05,"State St & 95th St","20104",NA,NA,"casual"
"0C7074AC476CBDEE","electric_bike",2022-04-21 15:59:03,2022-04-21 15:59:03,"Racine Ave & Garfield Blvd","559",NA,NA,"member"
"AD2C12AB44145690","electric_bike",2022-04-03 18:42:12,2022-04-03 18:42:12,"Streeter Dr & Grand Ave","13022",NA,NA,"casual"
"5B46D9896434A103","electric_bike",2022-04-10 13:50:53,2022-04-10 13:50:53,NA,NA,NA,NA,"casual"
"EE93FD3E9F1EFB9E","electric_bike",2022-04-29 14:34:58,2022-04-29 14:34:58,"MLK Jr Dr & Pershing Rd","13420",NA,NA,"member"
"D0018C511EA8B658","electric_bike",2022-04-04 21:00:08,2022-04-04 21:00:08,"Wells St & Hubbard St","TA1307000151",NA,NA,"member"
"28990A801D4109B8","electric_bike",2022-04-18 07:59:16,2022-04-18 07:59:16,"Michigan Ave & 8th St","623",NA,NA,"casual"
"07A0A370262699C0","electric_bike",2022-04-27 18:56:25,2022-04-27 18:56:25,"Clark St & Lincoln Ave","13179","Clark St & Lincoln Ave","13179","member"
"202A1B302BEF2567","electric_bike",2022-04-30 13:43:30,2022-04-30 13:43:30,"Damen Ave & Cortland St","13133","Damen Ave & Cortland St","13133","casual"
"FCCEC737365FB811","electric_bike",2022-04-18 17:03:59,2022-04-18 17:03:59,"Green St & Randolph St","13053","Green St & Randolph St","13053","casual"
"1C6AB9E72158D2AF","electric_bike",2022-04-12 17:32:41,2022-04-12 17:32:41,"Green St & Randolph St","13053","Green St & Randolph St","13053","casual"
"523BB75F698BCF6C","classic_bike",2022-04-23 15:41:11,2022-04-23 15:41:11,"DuSable Lake Shore Dr & Monroe St","13300","DuSable Lake Shore Dr & Monroe St","13300","casual"
"BE502FEB278D2B53","electric_bike",2022-05-18 19:56:48,2022-05-18 19:56:48,"Orleans St & Merchandise Mart Plaza","TA1305000022",NA,NA,"casual"
"0150E851238D0CDA","classic_bike",2022-05-26 16:07:29,2022-05-26 16:07:29,"University Ave & 57th St","KA1503000071","University Ave & 57th St","KA1503000071","member"
"1CF5FB46FBE23A7D","classic_bike",2022-05-25 18:04:53,2022-05-25 18:04:53,"Clark St & Leland Ave","TA1309000014","Clark St & Leland Ave","TA1309000014","member"
"F5682D8E9ABBEDEA","classic_bike",2022-05-29 20:40:52,2022-05-29 20:40:52,"Greenview Ave & Diversey Pkwy","13294","Greenview Ave & Diversey Pkwy","13294","casual"
"CBFC252DE0526563","classic_bike",2022-05-08 17:07:10,2022-05-08 17:07:10,"Halsted St & Polk St","TA1307000121","Halsted St & Polk St","TA1307000121","member"
"08910481ADF77CD2","electric_bike",2022-05-29 07:38:27,2022-05-29 07:38:27,"Kedzie Ave & Milwaukee Ave","13085","Kedzie Ave & Milwaukee Ave","13085","casual"
"B9034825B8618C67","electric_bike",2022-05-12 18:32:16,2022-05-12 18:32:16,"Damen Ave & Wellington Ave","13268","Damen Ave & Wellington Ave","13268","member"
"06FB82B893E849FD","classic_bike",2022-05-14 13:19:59,2022-05-14 13:19:59,"Southport Ave & Roscoe St","13071","Southport Ave & Roscoe St","13071","casual"
"863BC8AF41A8BE41","electric_bike",2022-05-16 19:06:08,2022-05-16 19:06:08,"Wells St & Hubbard St","TA1307000151","Wells St & Hubbard St","TA1307000151","casual"
"2C8C3C9D7FE28BA3","electric_bike",2022-05-05 06:02:08,2022-05-05 06:02:08,"Clark St & Bryn Mawr Ave","KA1504000151","Clark St & Bryn Mawr Ave","KA1504000151","member"
"E6489C832BAA9235","electric_bike",2022-05-28 11:13:58,2022-05-28 11:13:58,"Wabash Ave & Roosevelt Rd","TA1305000002","Wabash Ave & Roosevelt Rd","TA1305000002","casual"
"959B4529F52272DF","electric_bike",2022-05-11 18:25:42,2022-05-11 18:25:42,"Green St & Randolph St","13053","Green St & Randolph St","13053","casual"
"C2D908AD0C14C27B","electric_bike",2022-05-17 13:17:36,2022-05-17 13:17:36,"Kedzie Ave & Roosevelt Rd","15682","Kedzie Ave & Roosevelt Rd","15682","casual"
"D560250F8D309609","electric_bike",2022-05-18 21:54:17,2022-05-18 21:54:17,"Sheffield Ave & Waveland Ave","TA1307000126","Sheffield Ave & Waveland Ave","TA1307000126","casual"
"BFBB6A6738483E73","electric_bike",2022-05-23 10:04:00,2022-05-23 10:04:00,"Sheridan Rd & Lawrence Ave","TA1309000041","Sheridan Rd & Lawrence Ave","TA1309000041","member"
"75AED7E140A857A2","classic_bike",2022-05-11 18:28:00,2022-05-11 18:28:00,"Calumet Ave & 18th St","13102","Calumet Ave & 18th St","13102","casual"
"CD92B5D5FE317FC8","electric_bike",2022-05-25 14:40:57,2022-05-25 14:40:57,"Sedgwick St & Webster Ave","13191",NA,NA,"member"
"9483F54773065B84","electric_bike",2022-05-29 14:11:58,2022-05-29 14:11:58,"Rush St & Hubbard St","KA1503000044",NA,NA,"casual"
"105267420BA904D6","electric_bike",2022-05-28 14:12:05,2022-05-28 14:12:05,"Streeter Dr & Grand Ave","13022",NA,NA,"casual"
"A78BFE05C5F559A9","electric_bike",2022-05-26 13:39:34,2022-05-26 13:39:34,"Michigan Ave & 114th St","20243",NA,NA,"casual"
"90D7273E2270B8FA","electric_bike",2022-05-13 18:52:36,2022-05-13 18:52:36,"Orleans St & Hubbard St","636",NA,NA,"member"
"25915DBFC9226109","electric_bike",2022-05-31 17:16:04,2022-05-31 17:16:04,"Canal St & Adams St","13011",NA,NA,"member"
"25BB2692AF340199","electric_bike",2022-05-30 14:47:15,2022-05-30 14:47:15,"Millennium Park","13008",NA,NA,"casual"
"4D5944027810C1FD","electric_bike",2022-05-28 17:34:24,2022-05-28 17:34:24,"Rhodes Ave & 32nd St","13215",NA,NA,"casual"
"0815096FFF417C89","classic_bike",2022-05-16 18:38:21,2022-05-16 18:38:21,"Pine Grove Ave & Waveland Ave","TA1307000150","Pine Grove Ave & Waveland Ave","TA1307000150","member"
"2C74884EE1C53D2C","classic_bike",2022-05-13 18:20:00,2022-05-13 18:20:00,"Clark St & Elm St","TA1307000039","Clark St & Elm St","TA1307000039","member"
"90BA35F4253F5C7E","classic_bike",2022-05-16 18:22:58,2022-05-16 18:22:58,"Clark St & Elm St","TA1307000039","Clark St & Elm St","TA1307000039","casual"
"AB9E065B35AB8582","electric_bike",2022-05-15 18:16:46,2022-05-15 18:16:46,"Francisco Ave & Foster Ave","KA1504000160","Francisco Ave & Foster Ave","KA1504000160","member"
"FA12AA9AEFA260FB","classic_bike",2022-05-19 16:20:25,2022-05-19 16:20:25,"Harper Ave & 59th St","KA1503000070","Harper Ave & 59th St","KA1503000070","member"
"225B2A56CDB24CB9","classic_bike",2022-05-28 23:05:51,2022-05-28 23:05:51,"Mies van der Rohe Way & Chestnut St","15529","Mies van der Rohe Way & Chestnut St","15529","member"
"67E452E8CE422B91","classic_bike",2022-05-07 22:10:40,2022-05-07 22:10:40,"Honore St & Division St","TA1305000034","Honore St & Division St","TA1305000034","member"
"0526D11FD94DEA97","classic_bike",2022-05-24 18:14:05,2022-05-24 18:14:05,"Honore St & Division St","TA1305000034","Honore St & Division St","TA1305000034","member"
"973BA1B1009874CE","classic_bike",2022-05-28 13:41:38,2022-05-28 13:41:38,"Dusable Harbor","KA1503000064","Dusable Harbor","KA1503000064","casual"
"922449D12A8AAAD0","classic_bike",2022-05-13 08:51:02,2022-05-13 08:51:02,"Larrabee St & Kingsbury St","TA1306000009","Larrabee St & Kingsbury St","TA1306000009","member"
"3E0DB0D42F201E52","classic_bike",2022-05-14 13:05:37,2022-05-14 13:05:37,"Green St & Randolph St","13053","Green St & Randolph St","13053","casual"
"7D241D41D9AF9D45","classic_bike",2022-05-19 17:29:20,2022-05-19 17:29:20,"Green St & Randolph St","13053","Green St & Randolph St","13053","casual"
"DD61774914767BE9","electric_bike",2022-05-15 15:46:09,2022-05-15 15:46:09,"900 W Harrison St","13028","900 W Harrison St","13028","member"
"6446B761A13A3DA7","electric_bike",2022-05-29 15:18:19,2022-05-29 15:18:19,"Ellis Ave & 60th St","KA1503000014","Ellis Ave & 60th St","KA1503000014","casual"
"973DB243BC685C7D","electric_bike",2022-05-07 12:40:02,2022-05-07 12:40:02,"Damen Ave & Chicago Ave","13132",NA,NA,"casual"
"6EB95EA5BEE66F91","electric_bike",2022-05-18 15:34:03,2022-05-18 15:34:03,"Ogden Ave & Race Ave","13194",NA,NA,"casual"
"76D2B6E342C765BF","electric_bike",2022-05-11 08:59:01,2022-05-11 08:59:01,"Monticello Ave & Irving Park Rd","KA1504000139",NA,NA,"casual"
"0793C9208A64302A","electric_bike",2022-05-30 11:06:29,2022-05-30 11:06:17,"Broadway & Waveland Ave","13325",NA,NA,"casual"
"1CEBB7C204E7D100","electric_bike",2022-05-10 16:37:39,2022-05-10 16:37:39,"Kilbourn Ave & Milwaukee Ave","16994",NA,NA,"member"
"87516A754110E14B","electric_bike",2022-05-27 15:28:09,2022-05-27 15:28:09,"Racine Ave & Wrightwood Ave","TA1309000059",NA,NA,"casual"
"B81E1ABE871B4CA8","electric_bike",2022-05-24 16:43:36,2022-05-24 16:43:36,"Kedzie Ave & Milwaukee Ave","13085",NA,NA,"casual"
"EFCC74385BA4095E","electric_bike",2022-05-21 10:29:04,2022-05-21 10:29:04,"Dearborn St & Erie St","13045",NA,NA,"casual"
"12D2982D34D66C38","electric_bike",2022-05-12 22:43:55,2022-05-12 22:43:55,"Clark St & Schiller St","TA1309000024",NA,NA,"casual"
"221B5717AB8BB234","electric_bike",2022-05-15 16:46:45,2022-05-15 16:46:45,"Harper Ave & 59th St","KA1503000070",NA,NA,"member"
"B85E89FC9DD2558D","electric_bike",2022-06-16 20:33:57,2022-06-16 20:33:57,"Elston Ave & Wabansia Ave","TA1309000032","Elston Ave & Wabansia Ave","TA1309000032","member"
"80A6E7A80C937227","classic_bike",2022-06-21 19:02:55,2022-06-21 19:02:55,"Lincoln Ave & Fullerton Ave","TA1309000058","Lincoln Ave & Fullerton Ave","TA1309000058","member"
"75C4A38E813A0F3E","electric_bike",2022-06-20 22:29:55,2022-06-20 22:29:55,"Broadway & Barry Ave","13137","Broadway & Barry Ave","13137","member"
"933328856F3798BD","classic_bike",2022-06-05 13:31:16,2022-06-05 13:31:16,"Michigan Ave & Oak St","13042","Michigan Ave & Oak St","13042","member"
"3EE550021E3748A6","classic_bike",2022-06-05 13:37:39,2022-06-05 13:37:39,"Shore Dr & 55th St","TA1308000009","Shore Dr & 55th St","TA1308000009","member"
"36BF187AC083C73C","classic_bike",2022-06-01 07:50:16,2022-06-01 07:50:16,"Southport Ave & Wellington Ave","TA1307000006","Southport Ave & Wellington Ave","TA1307000006","member"
"6C967506CE3FA6D8","electric_bike",2022-06-27 19:31:29,2022-06-27 19:31:29,"Throop St & 52nd St","556","Throop St & 52nd St","556","casual"
"AD53F5B650267668","electric_bike",2022-06-27 19:11:33,2022-06-27 19:11:33,"Desplaines St & Kinzie St","TA1306000003","Desplaines St & Kinzie St","TA1306000003","member"
"B897BE02B21FA75E","electric_bike",2022-06-07 19:15:39,2022-06-07 17:05:37,NA,NA,"Kostner Ave & North Ave","519","casual"
"072E947E156D142D","electric_bike",2022-06-07 19:14:46,2022-06-07 17:07:45,"W Armitage Ave & N Sheffield Ave","20254.0","W Armitage Ave & N Sheffield Ave","20254.0","casual"
"1C4A97BA3C899AC7","electric_bike",2022-06-04 11:37:35,2022-06-04 11:37:35,"Wilton Ave & Belmont Ave","TA1307000134","Wilton Ave & Belmont Ave","TA1307000134","casual"
"EFF8BC7D6F4B47C0","electric_bike",2022-06-02 21:38:57,2022-06-02 21:38:57,"Lincoln Ave & Fullerton Ave","TA1309000058","Lincoln Ave & Fullerton Ave","TA1309000058","casual"
"F0DCB8D019C806FD","classic_bike",2022-06-22 20:19:02,2022-06-22 20:19:02,"Wells St & Huron St","TA1306000012","Wells St & Huron St","TA1306000012","member"
"79EF4093A6B95672","classic_bike",2022-06-09 18:12:06,2022-06-09 18:12:06,"Lincoln Ave & Diversey Pkwy","TA1307000064","Lincoln Ave & Diversey Pkwy","TA1307000064","casual"
"88C6CDC2FEF17D9A","electric_bike",2022-06-12 13:13:36,2022-06-12 13:13:36,"Southport Ave & Belmont Ave","13229",NA,NA,"casual"
"2099482331DE98C5","electric_bike",2022-06-29 16:51:20,2022-06-29 16:51:20,"Millennium Park","13008",NA,NA,"casual"
"73F67913F7D63986","electric_bike",2022-06-19 15:58:19,2022-06-19 15:58:19,"Broadway & Sheridan Rd","13323",NA,NA,"member"
"592BA1E98B3440EF","electric_bike",2022-06-11 11:57:19,2022-06-11 11:57:19,"Paulina Ave & North Ave","TA1305000037",NA,NA,"member"
"693AE6F5332AEAD0","electric_bike",2022-06-05 16:40:36,2022-06-05 16:40:36,"Paulina St & 18th St","TA1307000159",NA,NA,"member"
"2ECFC2D911DF3B66","electric_bike",2022-06-06 19:23:30,2022-06-06 19:23:30,"DuSable Lake Shore Dr & North Blvd","LF-005",NA,NA,"casual"
"F273A98D7D5BC465","electric_bike",2022-06-10 05:50:39,2022-06-10 05:50:39,"Southport Ave & Belmont Ave","13229",NA,NA,"member"
"4B13C506432CDEA4","classic_bike",2022-06-30 09:06:55,2022-06-30 09:06:55,"Michigan Ave & Pearson St","13034","Michigan Ave & Pearson St","13034","casual"
"CAFE25ED7C1A0A22","electric_bike",2022-06-11 12:49:08,2022-06-11 12:49:08,"Southport Ave & Roscoe St","13071","Southport Ave & Roscoe St","13071","casual"
"69418A20B3C22A3F","electric_bike",2022-06-02 07:25:36,2022-06-02 07:25:36,"Halsted St & Archer Ave","TA1308000013","Halsted St & Archer Ave","TA1308000013","member"
"AB918EE8ACBD520A","classic_bike",2022-06-01 16:31:19,2022-06-01 16:31:19,"Sangamon St & Washington Blvd","13409","Sangamon St & Washington Blvd","13409","member"
"6A871510E302E8CD","electric_bike",2022-06-23 19:22:57,2022-06-23 19:21:46,NA,NA,"Green St & Randolph St*","chargingstx3","member"
"8C81C06131425300","classic_bike",2022-06-23 08:49:45,2022-06-23 08:49:45,"Paulina St & Howard St","515","Paulina St & Howard St","515","member"
"BF114472ABA0289C","electric_bike",2022-06-07 19:14:47,2022-06-07 17:05:42,"Base - 2132 W Hubbard","Hubbard Bike-checking (LBS-WH-TEST)","W Armitage Ave & N Sheffield Ave","20254.0","member"
"4FCC08CB3268B285","classic_bike",2022-06-18 20:35:34,2022-06-18 20:35:34,"Wells St & Elm St","KA1504000135","Wells St & Elm St","KA1504000135","member"
"4C824D293E2FDB32","electric_bike",2022-06-20 17:54:55,2022-06-20 17:54:55,"Burling St & Diversey Pkwy","TA1309000036","Burling St & Diversey Pkwy","TA1309000036","member"
"607B271580CD0E8B","classic_bike",2022-06-20 18:11:57,2022-06-20 18:11:57,"Clark St & Elm St","TA1307000039","Clark St & Elm St","TA1307000039","member"
"1E9C159503CD4AD8","classic_bike",2022-06-13 19:22:46,2022-06-13 19:22:46,"Wilton Ave & Diversey Pkwy","TA1306000014","Wilton Ave & Diversey Pkwy","TA1306000014","casual"
"D1E377A43C0BABED","classic_bike",2022-06-30 18:07:58,2022-06-30 18:07:58,"Green St & Randolph St","13053","Green St & Randolph St","13053","casual"
"8E0BADBF678D549B","classic_bike",2022-06-02 19:23:01,2022-06-02 19:23:01,"Wilton Ave & Diversey Pkwy","TA1306000014","Wilton Ave & Diversey Pkwy","TA1306000014","casual"
"8ABE61316C8178C8","classic_bike",2022-06-29 07:51:21,2022-06-29 07:51:21,"State St & Kinzie St","13050","State St & Kinzie St","13050","member"
"8CC7AD30498A4AA3","docked_bike",2022-06-12 19:41:18,2022-06-12 19:41:18,"Streeter Dr & Grand Ave","13022","Streeter Dr & Grand Ave","13022","casual"
"378EAE077C3F36D3","electric_bike",2022-06-03 08:40:02,2022-06-03 08:40:02,"Sheffield Ave & Fullerton Ave","TA1306000016","Sheffield Ave & Fullerton Ave","TA1306000016","member"
"F6C26713596F5DA8","classic_bike",2022-06-04 16:53:12,2022-06-04 16:53:12,"Ashland Ave & Division St","13061","Ashland Ave & Division St","13061","member"
"17690E8DEF340100","classic_bike",2022-06-08 08:51:11,2022-06-08 08:51:11,"Canal St & Monroe St","13056","Canal St & Monroe St","13056","member"
"15117284CDD4E27B","classic_bike",2022-06-02 17:42:42,2022-06-02 17:42:42,"Halsted St & Wrightwood Ave","TA1309000061","Halsted St & Wrightwood Ave","TA1309000061","member"
"EAA3D3649C1AB85D","electric_bike",2022-06-01 07:49:14,2022-06-01 07:49:14,"Winchester (Ravenswood) Ave & Balmoral Ave","KA1504000147","Winchester (Ravenswood) Ave & Balmoral Ave","KA1504000147","member"
"35C0E72E6BA61C15","classic_bike",2022-06-25 20:14:15,2022-06-25 20:14:15,"Wells St & Concord Ln","TA1308000050","Wells St & Concord Ln","TA1308000050","casual"
"B3BE8FE661F79405","electric_bike",2022-06-07 16:18:37,2022-06-07 16:07:28,NA,NA,"Clinton St & Washington Blvd","WL-012","member"
"C9EB5F4B49916484","classic_bike",2022-06-18 12:18:37,2022-06-18 12:18:37,"Clark St & Armitage Ave","13146","Clark St & Armitage Ave","13146","member"
"23DB302861030D57","electric_bike",2022-06-10 19:23:13,2022-06-10 19:23:13,"Wentworth Ave & 35th St","KA1503000005",NA,NA,"casual"
"6EAADE1B56488CAB","electric_bike",2022-06-05 19:15:19,2022-06-05 19:15:19,"Lincoln Ave & Roscoe St*","chargingstx5",NA,NA,"casual"
"EF3CCF2B05635B96","electric_bike",2022-06-07 18:47:01,2022-06-07 17:05:41,NA,NA,NA,NA,"casual"
"BBD84670E05463A9","electric_bike",2022-06-07 19:11:33,2022-06-07 17:05:24,NA,NA,NA,NA,"casual"
"679F59D0DA90370B","electric_bike",2022-06-13 07:50:14,2022-06-13 07:50:14,"Federal St & Polk St","SL-008",NA,NA,"member"
"9FE1805A2557C74A","electric_bike",2022-06-07 19:06:49,2022-06-07 17:09:43,NA,NA,NA,NA,"member"
"F017ABAD58857045","electric_bike",2022-06-07 19:13:27,2022-06-07 17:07:57,NA,NA,NA,NA,"casual"
"38B9F148CE80499B","electric_bike",2022-06-07 19:23:03,2022-06-07 17:05:38,NA,NA,NA,NA,"casual"
"D3E66B3C2926B409","electric_bike",2022-06-28 18:35:12,2022-06-28 18:35:12,"Clark St & Newport St","632",NA,NA,"member"
"6CD8A2EB6E02999B","electric_bike",2022-06-14 11:23:41,2022-06-14 11:23:41,"Dodge Ave & Main St","E011",NA,NA,"casual"
"845714B5F80805F5","electric_bike",2022-06-05 16:13:02,2022-06-05 16:13:02,"Eberhart Ave & 91st St","20110",NA,NA,"member"
"AE6E79E0607E2D23","electric_bike",2022-06-06 16:49:08,2022-06-06 16:49:08,"Lincoln Ave & Sunnyside Ave","TA1307000156",NA,NA,"member"
"AB10AD6D613257CF","electric_bike",2022-06-30 08:39:37,2022-06-30 08:39:37,"California Ave & Division St","13256","California Ave & Division St","13256","member"
"94B4428CC44303EF","electric_bike",2022-06-07 17:05:24,2022-06-07 16:59:53,"Clark St & Berwyn Ave","KA1504000146",NA,NA,"member"
"C2241C95EF94FCF5","electric_bike",2022-06-04 14:05:36,2022-06-04 14:05:36,"University Ave & 57th St","KA1503000071",NA,NA,"member"
"6970C3A3938AE43D","classic_bike",2022-06-24 16:02:22,2022-06-24 16:02:22,"Morgan Ave & 14th Pl","TA1306000002","Morgan Ave & 14th Pl","TA1306000002","member"
"77A2ED2796F7F17D","electric_bike",2022-06-30 11:15:46,2022-06-30 11:15:46,"Elston Ave & Cortland St","TA1305000039",NA,NA,"casual"
"4293B33E61D0C951","electric_bike",2022-06-13 18:31:45,2022-06-13 18:31:27,NA,NA,"DuSable Lake Shore Dr & North Blvd","LF-005","casual"
"0C69EEB9069B37F0","electric_bike",2022-06-18 11:17:39,2022-06-18 11:17:39,"Franklin St & Monroe St","TA1309000007","Franklin St & Monroe St","TA1309000007","casual"
"33AAF95559BA38B6","classic_bike",2022-06-19 14:56:19,2022-06-19 14:56:19,"Lincoln Ave & Roscoe St*","chargingstx5","Lincoln Ave & Roscoe St*","chargingstx5","casual"
"1675301BF8292067","electric_bike",2022-06-22 06:51:13,2022-06-22 06:51:13,"Cityfront Plaza Dr & Pioneer Ct","13427","Cityfront Plaza Dr & Pioneer Ct","13427","casual"
"E9222ED1CD525595","electric_bike",2022-06-11 19:50:53,2022-06-11 19:50:53,"Blue Island Ave & 18th St","13135",NA,NA,"casual"
"86CD09DA24761714","electric_bike",2022-07-20 16:21:48,2022-07-20 16:21:48,"Racine Ave & Fullerton Ave","TA1306000026","Racine Ave & Fullerton Ave","TA1306000026","member"
"27024CD08288BD45","electric_bike",2022-07-30 23:42:46,2022-07-30 23:42:46,"Albany Ave & 26th St","15691","Albany Ave & 26th St","15691","casual"
"029D853B5C38426E","classic_bike",2022-07-26 20:07:33,2022-07-26 19:59:34,"Lincoln Ave & Roscoe St*","chargingstx5","Lincoln Ave & Roscoe St*","chargingstx5","member"
"C1D6D749139CB6C0","classic_bike",2022-07-26 20:08:04,2022-07-26 19:59:34,"Lincoln Ave & Roscoe St*","chargingstx5","Lincoln Ave & Roscoe St*","chargingstx5","member"
"D3E7C0B68EFEC32B","classic_bike",2022-07-26 20:20:31,2022-07-26 19:59:34,"Lincoln Ave & Roscoe St*","chargingstx5","Lincoln Ave & Roscoe St*","chargingstx5","casual"
"48EA91B86A4220BD","classic_bike",2022-07-26 18:35:57,2022-07-26 18:32:30,"Lincoln Ave & Roscoe St*","chargingstx5","Lincoln Ave & Roscoe St*","chargingstx5","casual"
"1B290011D280DBE8","electric_bike",2022-07-04 20:57:11,2022-07-04 20:57:11,"Loomis St & Archer Ave","KA1503000040",NA,NA,"member"
"B187A8EDF424D290","electric_bike",2022-07-11 12:50:35,2022-07-11 12:50:35,"Cornell Ave & Hyde Park Blvd","KA1503000007",NA,NA,"casual"
"16A9408209A598F9","electric_bike",2022-07-12 13:06:24,2022-07-12 13:06:24,"Franklin St & Monroe St","TA1309000007",NA,NA,"casual"
"7D3AD5AFBA2208DE","electric_bike",2022-07-01 13:25:23,2022-07-01 13:25:23,NA,NA,"Leavitt St & North Ave","TA1308000005","casual"
"A34D656341C69D0C","electric_bike",2022-07-19 16:18:24,2022-07-19 16:18:24,"Orleans St & Chestnut St (NEXT Apts)","620","Orleans St & Chestnut St (NEXT Apts)","620","casual"
"80758CDACD75BE14","classic_bike",2022-07-16 14:47:24,2022-07-16 14:47:24,"Ravenswood Ave & Lawrence Ave","TA1309000066","Ravenswood Ave & Lawrence Ave","TA1309000066","member"
"169A8223948578B9","docked_bike",2022-07-08 14:22:10,2022-07-08 14:22:10,"Dearborn St & Erie St","13045","Dearborn St & Erie St","13045","casual"
"671432CBF5915E56","docked_bike",2022-07-28 17:44:09,2022-07-28 17:44:09,"Wabash Ave & 9th St","TA1309000010","Wabash Ave & 9th St","TA1309000010","casual"
"96EAF8C5F138D720","classic_bike",2022-07-13 13:50:08,2022-07-13 13:50:08,"Halsted St & Maxwell St","TA1309000001","Halsted St & Maxwell St","TA1309000001","member"
"A9E0DA69675D6A16","electric_bike",2022-07-01 14:35:12,2022-07-01 14:31:50,NA,NA,"Streeter Dr & Grand Ave","13022","casual"
"8101D8B9B431E05C","electric_bike",2022-07-19 18:45:15,2022-07-19 18:45:15,"DuSable Lake Shore Dr & Diversey Pkwy","TA1309000039","DuSable Lake Shore Dr & Diversey Pkwy","TA1309000039","member"
"5F422ADACEB04DEC","docked_bike",2022-07-03 11:32:10,2022-07-03 11:32:10,"Western Ave & Monroe St","15667","Western Ave & Monroe St","15667","casual"
"BD43805A91F14C0D","electric_bike",2022-07-26 20:47:54,2022-07-26 20:47:54,"Montrose Harbor","TA1308000012","Montrose Harbor","TA1308000012","casual"
"E4D107ADF914280D","electric_bike",2022-07-09 11:48:20,2022-07-09 11:48:20,"Wabash Ave & 16th St","SL-012",NA,NA,"casual"
"72E4297A941DE619","electric_bike",2022-07-10 22:45:08,2022-07-10 22:45:08,"Dearborn St & Erie St","13045",NA,NA,"member"
"14D60B17DB541972","electric_bike",2022-07-28 08:23:37,2022-07-28 08:23:37,"Michigan Ave & 8th St","623",NA,NA,"member"
"035C91D5B31A0E17","electric_bike",2022-07-30 09:36:02,2022-07-30 09:35:53,"Southport Ave & Belmont Ave","13229","Southport Ave & Belmont Ave","13229","member"
"CD1D3409E8AFCB92","electric_bike",2022-07-01 18:26:27,2022-07-01 18:26:27,"Avondale Ave & Irving Park Rd","15624","Public Rack - Kedvale Ave & Avondale Ave","496","casual"
"DF2114E7368D1ABF","classic_bike",2022-07-23 22:13:31,2022-07-23 22:13:31,"Southport Ave & Wellington Ave","TA1307000006","Southport Ave & Wellington Ave","TA1307000006","member"
"490C25F11E20AB70","electric_bike",2022-07-19 19:59:05,2022-07-19 19:59:05,"Fort Dearborn Dr & 31st St","TA1307000048","Fort Dearborn Dr & 31st St","TA1307000048","casual"
"8E92015E0F8BFD84","electric_bike",2022-07-14 14:55:15,2022-07-14 14:55:15,"Damen Ave & Pierce Ave","TA1305000041","Damen Ave & Pierce Ave","TA1305000041","member"
"20CCC20ED353736E","classic_bike",2022-07-28 18:26:02,2022-07-28 18:26:02,"Clark St & Armitage Ave","13146","Clark St & Armitage Ave","13146","casual"
"D20669E16CB3B255","classic_bike",2022-07-22 12:25:12,2022-07-22 12:25:12,"Wells St & Huron St","TA1306000012","Wells St & Huron St","TA1306000012","member"
"2F1A02282157B0F9","electric_bike",2022-07-08 22:24:25,2022-07-08 22:24:25,"Wells St & Huron St","TA1306000012","Wells St & Huron St","TA1306000012","casual"
"AF442B0D6AE5EC06","electric_bike",2022-07-03 17:39:00,2022-07-03 17:39:00,"Millennium Park","13008","Millennium Park","13008","casual"
"C1A94268E1566E24","classic_bike",2022-07-11 19:21:33,2022-07-11 19:21:33,"Millennium Park","13008","Millennium Park","13008","casual"
"72D04C27D55AD9D2","classic_bike",2022-07-09 12:22:23,2022-07-09 12:22:23,"Ashland Ave & Grace St","13319","Ashland Ave & Grace St","13319","member"
"C9AEC69BCA09422E","classic_bike",2022-07-02 10:03:54,2022-07-02 10:03:54,"Indiana Ave & Roosevelt Rd","SL-005","Indiana Ave & Roosevelt Rd","SL-005","casual"
"B6B5DD64359A3755","electric_bike",2022-07-29 15:29:12,2022-07-29 15:29:12,"State St & Van Buren St","TA1305000035","State St & Van Buren St","TA1305000035","casual"
"461CC55C9B00468B","electric_bike",2022-07-09 20:31:40,2022-07-09 20:30:17,"Leavitt St & Chicago Ave","18058","Leavitt St & Chicago Ave","18058","member"
"29E5F3335F15D5DF","classic_bike",2022-07-13 16:59:14,2022-07-13 16:59:14,"Canal St & Adams St","13011","Canal St & Adams St","13011","member"
"E3DC88EEC95E8E47","electric_bike",2022-07-25 09:04:46,2022-07-25 09:04:46,"Sheridan Rd & Greenleaf Ave","KA1504000159","Sheridan Rd & Greenleaf Ave","KA1504000159","member"
"63E20FCE836FD7B4","classic_bike",2022-07-16 15:16:23,2022-07-16 15:16:23,"Streeter Dr & Grand Ave","13022","Streeter Dr & Grand Ave","13022","casual"
"6E89D488555A9DAC","classic_bike",2022-07-03 16:35:51,2022-07-03 16:35:51,"Streeter Dr & Grand Ave","13022","Streeter Dr & Grand Ave","13022","casual"
"8143211EC30C868E","electric_bike",2022-07-30 20:59:40,2022-07-30 20:59:40,"May St & Taylor St","13160","May St & Taylor St","13160","member"
"E3650AA02C01F218","electric_bike",2022-07-01 05:35:51,2022-07-01 05:34:15,NA,NA,"Clark St & Elm St","TA1307000039","member"
"44762FEEB94C5A87","electric_bike",2022-07-29 19:55:07,2022-07-29 19:55:07,"Delano Ct & Roosevelt Rd","KA1706005007","Delano Ct & Roosevelt Rd","KA1706005007","casual"
"CE7E7DE0E3F22E46","classic_bike",2022-07-26 18:32:37,2022-07-26 18:32:30,"Lincoln Ave & Roscoe St*","chargingstx5","Lincoln Ave & Roscoe St*","chargingstx5","casual"
"B0D8E9AFFCB391A1","electric_bike",2022-07-14 00:04:21,2022-07-14 00:04:21,"Lake Park Ave & 47th St","TA1308000035","Lake Park Ave & 47th St","TA1308000035","casual"
"3FC63EA6E83B609D","classic_bike",2022-07-26 18:35:03,2022-07-26 18:30:15,"Lincoln Ave & Roscoe St*","chargingstx5","Lincoln Ave & Roscoe St*","chargingstx5","casual"
"89A7C16F29CD71D5","classic_bike",2022-07-26 18:40:12,2022-07-26 18:32:30,"Lincoln Ave & Roscoe St*","chargingstx5","Lincoln Ave & Roscoe St*","chargingstx5","casual"
"61B92B5FF938674F","classic_bike",2022-07-26 19:59:31,2022-07-26 19:57:59,"Lincoln Ave & Roscoe St*","chargingstx5","Lincoln Ave & Roscoe St*","chargingstx5","member"
"67A616464C35DB4C","classic_bike",2022-07-25 11:24:46,2022-07-25 11:24:46,"Lincoln Ave & Roscoe St*","chargingstx5","Lincoln Ave & Roscoe St*","chargingstx5","member"
"700D05389993E337","classic_bike",2022-07-26 17:38:34,2022-07-26 17:37:38,"Lincoln Ave & Roscoe St*","chargingstx5","Lincoln Ave & Roscoe St*","chargingstx5","casual"
"B2B4386C03C39C6B","electric_bike",2022-07-26 20:22:52,2022-07-26 20:21:19,"Lincoln Ave & Roscoe St*","chargingstx5","Lincoln Ave & Roscoe St*","chargingstx5","casual"
"C3B9304C7EEE461A","electric_bike",2022-07-26 20:24:05,2022-07-26 20:22:49,"Lincoln Ave & Roscoe St*","chargingstx5","Lincoln Ave & Roscoe St*","chargingstx5","casual"
"4AD54A7AD0C5BF62","classic_bike",2022-07-26 16:53:01,2022-07-26 16:43:30,"Lincoln Ave & Roscoe St*","chargingstx5","Lincoln Ave & Roscoe St*","chargingstx5","member"
"D9DE785D5BFC50F5","electric_bike",2022-07-23 20:29:41,2022-07-23 20:29:41,"New St & Illinois St","TA1306000013","New St & Illinois St","TA1306000013","member"
"E923458C5595EC38","electric_bike",2022-07-19 17:01:03,2022-07-19 17:01:03,"State St & Kinzie St","13050","State St & Kinzie St","13050","member"
"944E5F9D74321248","classic_bike",2022-07-26 16:52:50,2022-07-26 16:52:50,"Clinton St & Lake St","13021","Clinton St & Lake St","13021","member"
"6FE7B18536813E77","classic_bike",2022-07-31 15:39:09,2022-07-31 15:39:09,"Clinton St & Lake St","13021","Clinton St & Lake St","13021","casual"
"1F82A6F9A56F94A4","classic_bike",2022-07-29 14:37:11,2022-07-29 14:37:11,"Jefferson St & Monroe St","WL-011","Jefferson St & Monroe St","WL-011","member"
"AC6EA3AEAB999891","electric_bike",2022-07-19 00:43:06,2022-07-19 00:43:06,"Elizabeth St & 59th St","647",NA,NA,"member"
"2C808BFA3D5DB35D","electric_bike",2022-07-14 20:38:32,2022-07-14 20:38:32,"Loomis St & Archer Ave","KA1503000040",NA,NA,"member"
"86C1470F573FF0B0","electric_bike",2022-07-24 18:18:57,2022-07-24 18:18:57,"Kingsbury St & Kinzie St","KA1503000043",NA,NA,"casual"
"DEF8B3D52B838309","electric_bike",2022-07-28 04:55:22,2022-07-28 04:55:22,"Wilton Ave & Belmont Ave","TA1307000134",NA,NA,"casual"
"96F853CA14FE0C0A","electric_bike",2022-07-09 11:42:58,2022-07-09 11:42:58,"Wood St & Milwaukee Ave","13221",NA,NA,"casual"
"2AF6CF98F83CECEC","electric_bike",2022-07-23 14:30:34,2022-07-23 14:30:34,"Dusable Harbor","KA1503000064",NA,NA,"casual"
"1BD258473BEFA279","electric_bike",2022-07-24 14:59:06,2022-07-24 14:59:06,"Daley Center Plaza","TA1306000010",NA,NA,"member"
"2D98956EA97649D5","electric_bike",2022-07-14 18:41:25,2022-07-14 18:41:25,"Michigan Ave & Madison St","13036",NA,NA,"casual"
"A85E567E96B04660","electric_bike",2022-07-05 12:49:14,2022-07-05 12:49:14,"Constance Ave & 95th St","20228",NA,NA,"casual"
"39C645A41FB8C1B9","electric_bike",2022-07-21 17:15:52,2022-07-21 17:15:52,"Wabash Ave & Grand Ave","TA1307000117",NA,NA,"member"
"5DC10FD3E5CCF10E","classic_bike",2022-07-09 16:16:11,2022-07-09 16:16:11,"Dearborn Pkwy & Delaware Pl","TA1307000128","Dearborn Pkwy & Delaware Pl","TA1307000128","casual"
"FE7998113CF7864B","docked_bike",2022-07-09 12:22:09,2022-07-09 12:22:09,"Woodlawn Ave & 55th St","TA1307000164","Woodlawn Ave & 55th St","TA1307000164","casual"
"64491AACAD9C1585","electric_bike",2022-07-21 18:01:32,2022-07-21 18:01:32,"Stockton Dr & Wrightwood Ave","13276",NA,NA,"casual"
"5DFC1956D804FD43","electric_bike",2022-07-15 02:54:43,2022-07-15 02:54:43,"Wabash Ave & Roosevelt Rd","TA1305000002",NA,NA,"casual"
"162024EA2A5F23AC","electric_bike",2022-08-18 18:16:28,2022-08-18 18:16:28,"Cottage Grove Ave & 51st St","TA1309000067","Cottage Grove Ave & 51st St","TA1309000067","member"
"8B5EDA7571220F96","electric_bike",2022-08-05 18:28:39,2022-08-05 18:28:39,"Sheridan Rd & Irving Park Rd","13063","Sheridan Rd & Irving Park Rd","13063","member"
"09B71177D92C0DC5","classic_bike",2022-08-05 17:40:06,2022-08-05 17:40:06,"Michigan Ave & Oak St","13042","Michigan Ave & Oak St","13042","casual"
"968C67D0CE946110","electric_bike",2022-08-12 19:39:54,2022-08-12 19:39:54,"Paulina St & Howard St","515",NA,NA,"casual"
"56053ADF859D6A68","electric_bike",2022-08-27 01:53:34,2022-08-27 01:53:34,"Larrabee St & Armitage Ave","TA1309000006",NA,NA,"casual"
"30A5715EABC20C70","electric_bike",2022-08-25 21:59:28,2022-08-25 21:59:28,"Southport Ave & Waveland Ave","13235",NA,NA,"casual"
"2AB9D65F2400C0CA","electric_bike",2022-08-27 21:58:02,2022-08-27 21:58:02,"California Ave & Fletcher St","15642",NA,NA,"casual"
"BA1A1F6AC69286B7","electric_bike",2022-08-12 17:23:22,2022-08-12 17:23:22,"Franklin St & Chicago Ave","13017",NA,NA,"casual"
"C353AB398C6B8591","electric_bike",2022-08-27 17:10:30,2022-08-27 17:10:30,"Franklin St & Chicago Ave","13017",NA,NA,"member"
"45BE4ACA311B44DE","electric_bike",2022-08-27 14:12:59,2022-08-27 14:12:59,"Clark St & Wellington Ave","TA1307000136",NA,NA,"casual"
"D48D044BB9976814","electric_bike",2022-08-12 18:42:57,2022-08-12 18:42:57,"Sheffield Ave & Waveland Ave","TA1307000126",NA,NA,"casual"
"83F310835AD194CB","electric_bike",2022-08-19 15:33:28,2022-08-19 15:33:28,"Sheffield Ave & Waveland Ave","TA1307000126",NA,NA,"casual"
"9EF99F49CDEAF18C","classic_bike",2022-08-30 13:28:47,2022-08-30 13:28:47,"Greenview Ave & Diversey Pkwy","13294","Greenview Ave & Diversey Pkwy","13294","member"
"F63E2BA5D00BBAB8","classic_bike",2022-08-04 15:26:01,2022-08-04 15:26:01,"Clarendon Ave & Junior Ter","13389","Clarendon Ave & Junior Ter","13389","casual"
"34C23112747FCED4","electric_bike",2022-08-15 18:35:16,2022-08-15 18:35:16,"Laramie Ave & Madison St","540","Laramie Ave & Madison St","540","casual"
"BA3C3DA708C0EFEA","classic_bike",2022-08-27 20:56:24,2022-08-27 20:56:24,"Clark St & Grace St","TA1307000127","Clark St & Grace St","TA1307000127","casual"
"26747EC6CB383079","electric_bike",2022-08-22 17:18:04,2022-08-22 17:18:04,"Logan Blvd & Elston Ave","TA1308000031","Logan Blvd & Elston Ave","TA1308000031","member"
"B45C46C8A483A73E","electric_bike",2022-08-19 22:03:07,2022-08-19 22:03:07,"Wabash Ave & Adams St","KA1503000015","Wabash Ave & Adams St","KA1503000015","member"
"3C4B4523235E41A8","classic_bike",2022-08-12 18:12:00,2022-08-12 18:12:00,"Wabash Ave & Roosevelt Rd","TA1305000002","Wabash Ave & Roosevelt Rd","TA1305000002","member"
"413F3D45328C480A","electric_bike",2022-08-02 08:09:06,2022-08-02 08:09:06,"Broadway & Argyle St","13108","Broadway & Argyle St","13108","member"
"FFDE3A1A7591FF01","classic_bike",2022-08-24 19:11:09,2022-08-24 19:11:09,"DuSable Lake Shore Dr & North Blvd","LF-005","DuSable Lake Shore Dr & North Blvd","LF-005","member"
"90ABA01265D03938","classic_bike",2022-08-19 13:20:30,2022-08-19 13:20:30,"DuSable Lake Shore Dr & North Blvd","LF-005","DuSable Lake Shore Dr & North Blvd","LF-005","casual"
"5DEB33CE3AF70A59","electric_bike",2022-08-24 19:34:47,2022-08-24 19:34:47,"Larrabee St & Kingsbury St","TA1306000009","Larrabee St & Kingsbury St","TA1306000009","member"
"980C39C59C192EDC","electric_bike",2022-08-27 18:20:48,2022-08-27 18:20:48,"Michigan Ave & 8th St","623","Michigan Ave & 8th St","623","casual"
"BD0B84E552536029","electric_bike",2022-08-01 13:21:10,2022-08-01 13:21:05,"Clark St & Armitage Ave","13146","Clark St & Armitage Ave","13146","member"
"D1CDFE8FF9E152BC","electric_bike",2022-08-21 18:17:28,2022-08-21 18:17:28,"Fort Dearborn Dr & 31st St","TA1307000048","Fort Dearborn Dr & 31st St","TA1307000048","casual"
"C3F9A746CF0C4CE5","classic_bike",2022-08-27 18:52:12,2022-08-27 18:52:12,"Streeter Dr & Grand Ave","13022","Streeter Dr & Grand Ave","13022","member"
"EFFC9AD9BE363A5D","classic_bike",2022-08-25 18:38:07,2022-08-25 18:38:07,"Streeter Dr & Grand Ave","13022","Streeter Dr & Grand Ave","13022","member"
"3D99C9D3AB75E23F","electric_bike",2022-08-22 13:05:10,2022-08-22 13:04:48,"Streeter Dr & Grand Ave","13022","Streeter Dr & Grand Ave","13022","casual"
"05D3A72282584724","classic_bike",2022-08-06 14:43:10,2022-08-06 14:43:10,"Streeter Dr & Grand Ave","13022","Streeter Dr & Grand Ave","13022","casual"
"FBC21DE1941A6E16","classic_bike",2022-08-15 17:34:59,2022-08-15 17:34:59,"Streeter Dr & Grand Ave","13022","Streeter Dr & Grand Ave","13022","member"
"121A9C3C0768A808","classic_bike",2022-08-05 16:54:35,2022-08-05 16:54:35,"St. Clair St & Erie St","13016","St. Clair St & Erie St","13016","member"
"8AB17347622E4A99","electric_bike",2022-08-16 14:34:15,2022-08-16 14:34:15,"DuSable Lake Shore Dr & Diversey Pkwy","TA1309000039","DuSable Lake Shore Dr & Diversey Pkwy","TA1309000039","casual"
"3201CEDE46C70867","electric_bike",2022-08-30 18:09:54,2022-08-30 18:09:54,"Franklin St & Illinois St","RN-","Franklin St & Illinois St","RN-","member"
"5F315A70A4E5D95F","electric_bike",2022-08-30 20:16:13,2022-08-30 20:16:13,"Delano Ct & Roosevelt Rd","KA1706005007","Delano Ct & Roosevelt Rd","KA1706005007","casual"
"3EE589C3B904CD2C","electric_bike",2022-08-11 19:22:32,2022-08-11 19:21:35,NA,NA,"Dearborn St & Erie St","13045","casual"
"7EF0E3A365646773","electric_bike",2022-08-30 19:43:11,2022-08-30 19:43:11,"Theater on the Lake","TA1308000001",NA,NA,"casual"
"9BEF52209F1E34E3","electric_bike",2022-08-28 05:22:22,2022-08-28 05:22:22,"State St & Pearson St","TA1307000061",NA,NA,"casual"
"C4C0F6F610821DEA","electric_bike",2022-08-04 20:25:30,2022-08-04 20:25:30,"Streeter Dr & Grand Ave","13022",NA,NA,"casual"
"C1CC6390EBC1356B","electric_bike",2022-08-19 14:58:23,2022-08-19 14:58:23,"State St & Randolph St","TA1305000029",NA,NA,"casual"
"4502A2E15200A4C1","electric_bike",2022-08-01 15:02:36,2022-08-01 15:02:36,"Southport Ave & Belmont Ave","13229",NA,NA,"casual"
"B0FDF9EDA7A7467E","electric_bike",2022-08-23 14:50:49,2022-08-23 14:50:49,"Western Ave & Roscoe St","15634","Western Ave & Roscoe St","15634","member"
"4C763611C8746D66","electric_bike",2022-08-14 01:30:08,2022-08-14 01:30:08,"California Ave & Milwaukee Ave","13084",NA,NA,"casual"
"977B0D9602475D42","electric_bike",2022-08-07 17:40:08,2022-08-07 17:40:08,"Clark St & Ida B Wells Dr","TA1305000009",NA,NA,"member"
"CFBB7C225C06F2A0","electric_bike",2022-08-28 07:52:09,2022-08-28 07:52:09,"State St & 33rd St","13216",NA,NA,"member"
"AA079E60C492C03A","electric_bike",2022-08-29 15:00:08,2022-08-29 15:00:08,"Clark St & Randolph St","TA1305000030",NA,NA,"member"
"9FD1E0633780D7ED","classic_bike",2022-08-20 16:38:39,2022-08-20 16:38:39,"Wilton Ave & Belmont Ave","TA1307000134","Wilton Ave & Belmont Ave","TA1307000134","casual"
"24A1BEB0F505BC68","electric_bike",2022-08-18 09:54:41,2022-08-18 09:54:41,"Ellis Ave & 55th St","KA1504000076","Ellis Ave & 55th St","KA1504000076","member"
"2A16C3A8A835BBE6","electric_bike",2022-08-14 20:55:28,2022-08-14 20:55:28,"Halsted St & 18th St","13099","Halsted St & 18th St","13099","member"
"BAA59BBECE8DCF9D","electric_bike",2022-08-30 17:45:26,2022-08-30 17:45:26,"Clinton St & Lake St","13021","Clinton St & Lake St","13021","member"
"179F7874064251C8","classic_bike",2022-08-05 16:35:21,2022-08-05 16:35:20,"Clark St & Montrose Ave","KA1503000022","Clark St & Montrose Ave","KA1503000022","casual"
"F2AD6A2A90D02D32","classic_bike",2022-08-05 17:54:42,2022-08-05 17:54:42,"Wells St & Huron St","TA1306000012","Wells St & Huron St","TA1306000012","member"
"930AC4680811D687","classic_bike",2022-08-02 14:35:46,2022-08-02 14:35:46,"New St & Illinois St","TA1306000013","New St & Illinois St","TA1306000013","casual"
"C6EE564C1E48E398","electric_bike",2022-08-03 20:12:36,2022-08-03 20:12:36,"Lincoln Ave & Fullerton Ave","TA1309000058","Lincoln Ave & Fullerton Ave","TA1309000058","casual"
"36A0F9AFCD440D71","electric_bike",2022-08-26 06:48:28,2022-08-26 06:48:28,"Sheridan Rd & Lawrence Ave","TA1309000041","Sheridan Rd & Lawrence Ave","TA1309000041","member"
"D70AF8A5FB635062","electric_bike",2022-08-29 17:55:06,2022-08-29 17:55:06,"Lincoln Ave & Roscoe St*","chargingstx5","Lincoln Ave & Roscoe St*","chargingstx5","member"
"C0C8DB0E2EA5B9E4","electric_bike",2022-08-25 00:40:51,2022-08-25 00:39:34,"Lincoln Ave & Roscoe St*","chargingstx5","Lincoln Ave & Roscoe St*","chargingstx5","member"
"953BF4B707AEE983","electric_bike",2022-08-27 12:44:27,2022-08-27 12:43:39,"Lincoln Ave & Roscoe St*","chargingstx5","Lincoln Ave & Roscoe St*","chargingstx5","member"
"EF40941641F68C81","electric_bike",2022-08-09 20:51:36,2022-08-09 20:51:31,"Lincoln Ave & Roscoe St*","chargingstx5","Lincoln Ave & Roscoe St*","chargingstx5","casual"
"93A74DBF339CC818","electric_bike",2022-08-25 00:39:58,2022-08-25 00:37:39,"Lincoln Ave & Roscoe St*","chargingstx5","Lincoln Ave & Roscoe St*","chargingstx5","casual"
"A13F8B7BD207AF09","electric_bike",2022-08-27 13:16:02,2022-08-27 13:13:35,"Lincoln Ave & Roscoe St*","chargingstx5","Lincoln Ave & Roscoe St*","chargingstx5","casual"
"AD5D938B278C2D58","electric_bike",2022-08-27 13:18:18,2022-08-27 13:13:35,"Lincoln Ave & Roscoe St*","chargingstx5","Lincoln Ave & Roscoe St*","chargingstx5","casual"
"A2991D490436A806","electric_bike",2022-08-27 13:18:54,2022-08-27 13:15:58,"Lincoln Ave & Roscoe St*","chargingstx5","Lincoln Ave & Roscoe St*","chargingstx5","member"
"E2F6294CE68E07AA","electric_bike",2022-08-27 13:17:51,2022-08-27 13:15:58,"Lincoln Ave & Roscoe St*","chargingstx5","Lincoln Ave & Roscoe St*","chargingstx5","member"
"EC54018617CC3AE7","electric_bike",2022-08-27 13:22:25,2022-08-27 13:15:58,"Lincoln Ave & Roscoe St*","chargingstx5","Lincoln Ave & Roscoe St*","chargingstx5","member"
"6E7376664E726010","electric_bike",2022-08-10 09:17:56,2022-08-10 09:17:56,"East End Ave & 87th St","20231","Public Rack - Cornell Ave & 87th Pl","941","member"
"0DB781397E2287B7","electric_bike",2022-08-27 13:16:39,2022-08-27 13:15:58,NA,NA,"Lincoln Ave & Roscoe St*","chargingstx5","member"
"F33D11F3AF0F522E","electric_bike",2022-08-25 00:39:40,2022-08-25 00:39:34,NA,NA,"Lincoln Ave & Roscoe St*","chargingstx5","member"
"0EE4A6F608B6AE33","electric_bike",2022-08-15 12:51:30,2022-08-15 12:51:30,"Theater on the Lake","TA1308000001","Theater on the Lake","TA1308000001","casual"
"477E436DA7EB374F","classic_bike",2022-08-14 11:00:19,2022-08-14 11:00:19,"Pine Grove Ave & Waveland Ave","TA1307000150","Pine Grove Ave & Waveland Ave","TA1307000150","member"
"3972924B8B779D02","electric_bike",2022-08-31 07:32:41,2022-08-31 07:32:41,"Field Blvd & South Water St","15534","Field Blvd & South Water St","15534","casual"
"B2A42A63B113ED74","electric_bike",2022-08-27 03:10:38,2022-08-27 03:10:38,"Clark St & Armitage Ave","13146",NA,NA,"member"
"F42962135BCD9D94","electric_bike",2022-08-23 16:21:43,2022-08-23 16:21:43,"Dusable Harbor","KA1503000064",NA,NA,"casual"
"C44A212543EFD25C","electric_bike",2022-08-04 22:32:24,2022-08-04 22:32:24,"Lincoln Ave & Fullerton Ave","TA1309000058",NA,NA,"member"
"85330FA7C427181F","electric_bike",2022-08-02 15:39:09,2022-08-02 15:39:09,"Karlov Ave & Madison St","534",NA,NA,"member"
"281900C196516CB9","electric_bike",2022-08-30 16:58:49,2022-08-30 16:58:49,"Larrabee St & Kingsbury St","TA1306000009",NA,NA,"member"
"526A928B9EC1FE01","electric_bike",2022-08-26 18:26:55,2022-08-26 18:26:55,"Milwaukee Ave & Rockwell St","13242",NA,NA,"casual"
"F5B56BFCFF73CCBD","electric_bike",2022-09-20 16:28:07,2022-09-20 16:28:07,"California Ave & Division St","13256","California Ave & Division St","13256","casual"
"48167C39FE62C48B","electric_bike",2022-09-17 00:46:34,2022-09-17 00:46:34,"Western Ave & Roscoe St","15634",NA,NA,"casual"
"849100E3AD7D6B29","electric_bike",2022-09-19 14:45:43,2022-09-19 14:45:43,"Halsted St & Willow St","TA1307000166","Halsted St & Willow St","TA1307000166","casual"
"6FA628A45C1C07C5","electric_bike",2022-09-13 14:25:58,2022-09-13 14:25:58,"Prairie Ave & 43rd St","KA1503000027","Prairie Ave & 43rd St","KA1503000027","member"
"5387FB2D8D6AC0F3","electric_bike",2022-09-30 17:27:30,2022-09-30 17:27:26,"Halsted St & Polk St","TA1307000121","Halsted St & Polk St","TA1307000121","member"
"5C62ED4E1A214341","classic_bike",2022-09-17 21:31:29,2022-09-17 21:31:29,"Fairfield Ave & Roosevelt Rd","KA1504000102","Fairfield Ave & Roosevelt Rd","KA1504000102","casual"
"944E6DBA964EF6A3","electric_bike",2022-09-10 09:01:29,2022-09-10 09:01:29,"Campbell Ave & North Ave","13257","Campbell Ave & North Ave","13257","casual"
"210404EB96DA201E","electric_bike",2022-09-10 14:32:40,2022-09-10 14:32:40,"Fort Dearborn Dr & 31st St","TA1307000048","Fort Dearborn Dr & 31st St","TA1307000048","member"
"B36B146DFBF98441","electric_bike",2022-09-09 10:40:41,2022-09-09 10:40:41,"Glenwood Ave & Touhy Ave","525","Glenwood Ave & Touhy Ave","525","casual"
"C4AA7EF716E61CCB","electric_bike",2022-09-09 11:36:16,2022-09-09 11:36:16,"Ellis Ave & 60th St","KA1503000014","Ellis Ave & 60th St","KA1503000014","member"
"184CE7644A1F92E0","classic_bike",2022-09-01 18:05:29,2022-09-01 18:05:29,"Halsted St & Wrightwood Ave","TA1309000061","Halsted St & Wrightwood Ave","TA1309000061","member"
"7DA4244391BFB9FE","classic_bike",2022-09-19 17:11:50,2022-09-19 17:11:50,"Ravenswood Ave & Lawrence Ave","TA1309000066","Ravenswood Ave & Lawrence Ave","TA1309000066","member"
"6481C38DF6794F9A","electric_bike",2022-09-24 15:39:40,2022-09-24 15:39:40,"Chicago Ave & Washington St","E002","Chicago Ave & Washington St","E002","member"
"871B757480E7208F","classic_bike",2022-09-14 17:47:44,2022-09-14 17:47:34,"Lincoln Ave & Roscoe St*","chargingstx5","Lincoln Ave & Roscoe St*","chargingstx5","member"
"4890C455C466940F","electric_bike",2022-09-08 18:00:55,2022-09-08 18:00:32,"Lincoln Ave & Roscoe St*","chargingstx5","Lincoln Ave & Roscoe St*","chargingstx5","member"
"BB630AE8E6017B58","electric_bike",2022-09-05 17:56:42,2022-09-05 17:56:41,"Millennium Park","13008","Millennium Park","13008","casual"
"EDF9880C2CC164F6","classic_bike",2022-09-17 12:41:35,2022-09-17 12:41:35,"Michigan Ave & Oak St","13042","Michigan Ave & Oak St","13042","member"
"54781956C772A318","classic_bike",2022-09-13 18:15:00,2022-09-13 18:15:00,"Michigan Ave & Oak St","13042","Michigan Ave & Oak St","13042","member"
"012EFD6CE8DC73FE","electric_bike",2022-09-08 17:13:40,2022-09-08 17:13:40,"Damen Ave & Chicago Ave","13132","Damen Ave & Chicago Ave","13132","member"
"49FF6DBF823114FA","electric_bike",2022-09-24 21:48:38,2022-09-24 21:48:38,"California Ave & Montrose Ave","15622","California Ave & Montrose Ave","15622","casual"
"F75B96F7000EE79B","electric_bike",2022-09-24 18:19:25,2022-09-24 18:19:25,"Honore St & Division St","TA1305000034","Honore St & Division St","TA1305000034","casual"
"8AFC3499323C4230","electric_bike",2022-09-12 08:30:08,2022-09-12 08:30:08,"Aberdeen St & Jackson Blvd","13157","Aberdeen St & Jackson Blvd","13157","member"
"DA2B8E3E728CE90F","electric_bike",2022-09-18 17:43:26,2022-09-18 17:43:26,"Ashland Ave & Wellington Ave","13269","Ashland Ave & Wellington Ave","13269","member"
"657505824F33C61D","electric_bike",2022-09-04 02:08:51,2022-09-04 02:08:51,"Southport Ave & Roscoe St","13071","N Southport Ave & W Newport Ave","20257.0","member"
"681F832F934C7FD5","electric_bike",2022-09-05 18:35:36,2022-09-05 18:35:36,"Racine Ave & Wrightwood Ave","TA1309000059",NA,NA,"casual"
"03F47350D302BF92","electric_bike",2022-09-19 16:48:05,2022-09-19 16:48:05,"Western Ave & Congress Pkwy","15668",NA,NA,"member"
"1D039A1642332867","electric_bike",2022-09-10 21:07:11,2022-09-10 21:07:11,"Leavitt St & Armitage Ave","TA1309000029",NA,NA,"casual"
"255E298EE10F9A5D","electric_bike",2022-09-01 07:55:35,2022-09-01 07:55:35,"Halsted St & Archer Ave","TA1308000013",NA,NA,"casual"
"9AAE03893C8BE81C","electric_bike",2022-09-22 01:31:47,2022-09-22 01:31:47,"Knox Ave & Montrose Ave","592",NA,NA,"member"
"8F4E81834B9A2F8B","electric_bike",2022-09-02 17:15:09,2022-09-02 17:15:09,"Lincoln Ave & Winona St","KA1504000078",NA,NA,"member"
"E925759F9F2A2CF7","electric_bike",2022-09-16 15:29:57,2022-09-16 15:29:57,"Michigan Ave & Washington St","13001",NA,NA,"casual"
"D2BE3C54DFBD1DB3","electric_bike",2022-09-26 20:07:39,2022-09-26 20:07:39,"Franklin St & Illinois St","RN-",NA,NA,"member"
"E137518FFE807752","electric_bike",2022-09-28 11:04:32,2022-09-21 06:31:11,"Cornell Dr & Hayes Dr","653",NA,NA,"member"
"722487FBEA924C9C","electric_bike",2022-09-15 19:03:58,2022-09-15 19:03:58,"Seeley Ave & Roscoe St","13144",NA,NA,"casual"
"5AD82BDCA2183FED","electric_bike",2022-09-29 11:01:26,2022-09-29 11:01:26,"Lincoln Ave & Diversey Pkwy","TA1307000064",NA,NA,"member"
"8323FF1E244380D0","electric_bike",2022-09-19 13:16:05,2022-09-19 13:16:05,"Millennium Park","13008",NA,NA,"casual"
"933A6B25F420929E","electric_bike",2022-09-28 13:34:32,2022-09-28 13:34:32,"Conservatory Dr & Lake St","518",NA,NA,"member"
"2106D23EC03E8F02","electric_bike",2022-09-22 18:04:06,2022-09-22 18:04:06,"Lincoln Ave & Addison St","TA1309000050",NA,NA,"member"
"09040B2312369B72","electric_bike",2022-09-14 18:45:48,2022-09-14 18:45:48,"Clarendon Ave & Junior Ter","13389",NA,NA,"member"
"6D0345E75F565704","electric_bike",2022-09-13 09:53:48,2022-09-13 09:53:48,"Halsted St & 56th St","KA1503000011",NA,NA,"member"
"7A2F0ED161B91B57","electric_bike",2022-09-29 13:39:18,2022-09-29 13:39:18,"Halsted St & Maxwell St","TA1309000001",NA,NA,"casual"
"AE9ED1830367E856","electric_bike",2022-09-17 19:25:32,2022-09-17 19:25:32,"Federal St & Polk St","SL-008",NA,NA,"member"
"399C501C7FF2D578","electric_bike",2022-09-02 12:22:47,2022-09-02 12:22:47,"Clark St & Newport St","632",NA,NA,"member"
"339322C5547AF710","electric_bike",2022-09-22 19:36:48,2022-09-22 19:36:48,"Damen Ave & Leland Ave","TA1307000158",NA,NA,"member"
"131CBA5ECB368454","electric_bike",2022-09-12 19:57:07,2022-09-12 19:57:07,"New St & Illinois St","TA1306000013",NA,NA,"member"
"B6BE2809CF49A63E","electric_bike",2022-09-23 12:37:18,2022-09-23 12:37:18,"Lakefront Trail & Bryn Mawr Ave","15576",NA,NA,"casual"
"D4E4B606E19EC789","electric_bike",2022-09-16 19:34:37,2022-09-16 19:34:37,"Indiana Ave & Roosevelt Rd","SL-005",NA,NA,"member"
"934DCEE5B3855C71","electric_bike",2022-09-28 09:44:17,2022-09-28 09:44:17,"Spaulding Ave & Division St","15654",NA,NA,"casual"
"B79B84BB8CB9DF57","electric_bike",2022-09-22 19:36:08,2022-09-22 19:36:08,"Southport Ave & Irving Park Rd","TA1309000043",NA,NA,"casual"
"D3A8BC8C6155A36D","electric_bike",2022-09-03 12:09:25,2022-09-03 12:09:25,"Ravenswood Ave & Lawrence Ave","TA1309000066",NA,NA,"casual"
"AD987C8D5BFCDFDD","electric_bike",2022-09-10 18:07:59,2022-09-10 18:07:59,"Western Ave & Leland Ave","TA1307000140",NA,NA,"casual"
"E2D2BDBBE5B1B3C8","electric_bike",2022-09-10 14:45:54,2022-09-10 14:45:54,"Clark St & Leland Ave","TA1309000014",NA,NA,"member"
"ED816F7A2DDC08CE","electric_bike",2022-09-06 15:56:44,2022-09-06 15:56:44,"California Ave & 21st St","13096",NA,NA,"member"
"F8CECCD717A65F65","electric_bike",2022-09-29 22:21:45,2022-09-29 22:21:45,"Ashland Ave & Wellington Ave","13269",NA,NA,"casual"
"D685C73C7D333B9C","electric_bike",2022-09-03 16:30:57,2022-09-03 16:30:57,"Montrose Harbor","TA1308000012",NA,NA,"casual"
"2B052B21C2AC57E0","electric_bike",2022-09-06 21:15:28,2022-09-06 21:15:28,"Morgan St & 31st St","TA1308000046",NA,NA,"member"
"0D4B2E0CB816FF88","electric_bike",2022-09-18 00:01:46,2022-09-18 00:01:46,"Central Park Ave & North Ave","15652",NA,NA,"member"
"09C8944D3BA188F6","electric_bike",2022-09-12 15:30:23,2022-09-12 15:30:23,"Michigan Ave & Lake St","TA1305000011",NA,NA,"casual"
"2E05063381A5D16C","electric_bike",2022-09-27 15:27:01,2022-09-27 15:27:01,"Mies van der Rohe Way & Chicago Ave","13338",NA,NA,"casual"
"FDA14BA9573EFA36","electric_bike",2022-09-30 20:56:04,2022-09-30 20:56:04,"Sheridan Rd & Greenleaf Ave","KA1504000159",NA,NA,"casual"
"74A7E6B513CD52FE","electric_bike",2022-09-10 18:15:33,2022-09-10 18:15:33,"Streeter Dr & Grand Ave","13022",NA,NA,"casual"
"F77B0B23D6678F27","electric_bike",2022-09-08 19:40:13,2022-09-08 19:40:13,"Wood St & Augusta Blvd","657",NA,NA,"member"
"C3E64A23AE34AE0C","electric_bike",2022-09-30 14:28:14,2022-09-30 14:28:14,"Mies van der Rohe Way & Chicago Ave","13338",NA,NA,"casual"
"4E2D11C2B58DA639","electric_bike",2022-09-22 10:45:07,2022-09-22 10:45:07,"Shields Ave & 28th Pl","15443",NA,NA,"member"
"76832E47FE9BFD15","electric_bike",2022-09-18 15:38:34,2022-09-18 15:38:34,"Green St & Washington Blvd","13053",NA,NA,"casual"
"9357F4437F6D4EBE","electric_bike",2022-09-07 17:22:58,2022-09-07 17:22:58,"Kingsbury St & Erie St","13265","Kingsbury St & Erie St","13265","casual"
"47E70E6F8939C541","electric_bike",2022-09-08 15:55:54,2022-09-08 15:53:24,"Halsted St & Roscoe St","TA1309000025","Halsted St & Roscoe St","TA1309000025","casual"
"912DE8D91E0AE083","electric_bike",2022-09-10 18:52:40,2022-09-10 18:52:29,NA,NA,"Lincoln Ave & Roscoe St*","chargingstx5","casual"
"D1FF403E09EC995E","electric_bike",2022-09-18 19:06:32,2022-09-18 19:06:24,NA,NA,"Lincoln Ave & Roscoe St*","chargingstx5","member"
"CE1C3D20D47EEAA0","electric_bike",2022-09-08 18:20:59,2022-09-08 18:20:59,"Clifton Ave & Armitage Ave","TA1307000163","Clifton Ave & Armitage Ave","TA1307000163","member"
"A200DB384232F2DE","electric_bike",2022-09-24 15:12:29,2022-09-24 15:12:29,"Halsted St & Dickens Ave","13192",NA,NA,"casual"
"57D8340BB2C0E7B0","electric_bike",2022-09-08 16:04:03,2022-09-08 16:01:09,NA,NA,"Milwaukee Ave & Grand Ave","13033","member"
"F9A1F8F99C1EFBF5","electric_bike",2022-10-03 08:55:01,2022-10-03 08:54:45,"Chicago Ave & Sheridan Rd","E008","Chicago Ave & Sheridan Rd","E008","member"
"2C4D7EF7376913C3","electric_bike",2022-10-06 17:52:52,2022-10-06 17:52:52,"Damen Ave & Cortland St","13133","Damen Ave & Cortland St","13133","member"
"2549763CE5421905","electric_bike",2022-10-01 14:19:48,2022-10-01 14:19:48,"DuSable Lake Shore Dr & Diversey Pkwy","TA1309000039","DuSable Lake Shore Dr & Diversey Pkwy","TA1309000039","casual"
"F5675C97F2388F70","electric_bike",2022-10-13 18:48:50,2022-10-13 18:48:50,"Ravenswood Ave & Lawrence Ave","TA1309000066","Ravenswood Ave & Lawrence Ave","TA1309000066","member"
"2F0F99F035A956E0","classic_bike",2022-10-14 14:43:32,2022-10-14 14:43:32,"Sheridan Rd & Irving Park Rd","13063","Sheridan Rd & Irving Park Rd","13063","member"
"659BF8DF8267035F","electric_bike",2022-10-14 13:21:04,2022-10-14 13:21:04,"Ravenswood Ave & Lawrence Ave","TA1309000066","Ravenswood Ave & Lawrence Ave","TA1309000066","member"
"707DA645F61E5D22","electric_bike",2022-10-04 18:28:56,2022-10-04 18:28:56,"Clark St & Elm St","TA1307000039","Clark St & Elm St","TA1307000039","member"
"0A7F1258874CDE44","electric_bike",2022-10-18 10:14:15,2022-10-18 10:14:15,"Glenwood Ave & Touhy Ave","525","Glenwood Ave & Touhy Ave","525","casual"
"5ACA942162006249","electric_bike",2022-10-21 19:29:00,2022-10-21 19:28:59,NA,NA,"Green St & Randolph St*","chargingstx3","casual"
"A45DEE879AE21068","electric_bike",2022-10-09 10:45:33,2022-10-09 10:45:33,"Wentworth Ave & Cermak Rd","13075","Wentworth Ave & Cermak Rd","13075","casual"
"918F745F62CAC29E","classic_bike",2022-10-13 14:42:10,2022-10-13 11:53:28,"Wilton Ave & Diversey Pkwy*","chargingstx0","Wilton Ave & Diversey Pkwy*","chargingstx0","member"
"65A4D04C93B1741D","electric_bike",2022-10-11 09:01:55,2022-10-11 09:01:55,"Humboldt Blvd & Armitage Ave","15651","Humboldt Blvd & Armitage Ave","15651","casual"
"5EE4F721C884BECC","electric_bike",2022-10-01 18:00:25,2022-10-01 18:00:25,"Wood St & Milwaukee Ave","13221","Wood St & Milwaukee Ave","13221","member"
"97EDFAAFDB14F437","classic_bike",2022-10-01 12:51:30,2022-10-01 12:51:30,"Wood St & Milwaukee Ave","13221","Wood St & Milwaukee Ave","13221","casual"
"A259712DF5902D47","electric_bike",2022-10-08 11:43:41,2022-10-08 11:43:41,"California Ave & Cortez St","17660","Public Rack - California Ave & Cortez St","512","casual"
"6CA378D5146E9C9A","electric_bike",2022-10-26 08:14:40,2022-10-26 08:14:40,"Wood St & Hubbard St","13432","Wood St & Hubbard St","13432","member"
"C6663619C8EA5AF7","electric_bike",2022-10-16 11:07:52,2022-10-16 11:07:52,"Kimbark Ave & 53rd St","TA1309000037","Kimbark Ave & 53rd St","TA1309000037","casual"
"6DBE59EE138E4799","electric_bike",2022-10-14 11:16:49,2022-10-14 11:16:49,"Clark St & Lincoln Ave","13179","Clark St & Lincoln Ave","13179","casual"
"7A73DF02B8580BE1","electric_bike",2022-10-04 21:13:43,2022-10-04 21:13:43,"Clark St & Lincoln Ave","13179","Clark St & Lincoln Ave","13179","member"
"A6202313456A7A1D","electric_bike",2022-10-08 14:35:00,2022-10-08 14:35:00,"Central St & Girard Ave","E007","Central St & Girard Ave","E007","casual"
"BD572FF8CD8EA17A","electric_bike",2022-10-07 14:21:58,2022-10-07 14:21:58,"Kedzie Ave & Lake St","KA1504000106","Kedzie Ave & Lake St","KA1504000106","member"
"89B58E26B7298CE8","electric_bike",2022-10-10 12:15:04,2022-10-10 12:15:04,"Sheffield Ave & Wellington Ave","TA1307000052","Sheffield Ave & Wellington Ave","TA1307000052","member"
"0AF8E0A9D670607B","electric_bike",2022-10-21 22:53:35,2022-10-21 22:53:35,"Southport Ave & Waveland Ave","13235","Southport Ave & Waveland Ave","13235","member"
"2EBA2BBD280228A7","classic_bike",2022-10-01 15:26:54,2022-10-01 15:26:54,"University Ave & 57th St","KA1503000071","University Ave & 57th St","KA1503000071","member"
"0D74C54F32408AFC","electric_bike",2022-10-08 23:49:05,2022-10-08 23:49:05,"Western Blvd & 48th Pl","594",NA,NA,"casual"
"66D00FD209332F36","electric_bike",2022-10-14 02:19:03,2022-10-14 02:19:03,"Desplaines St & Kinzie St","TA1306000003",NA,NA,"member"
"987A3EB445911058","electric_bike",2022-10-07 19:03:49,2022-10-07 19:03:49,"Clinton St & Roosevelt Rd","WL-008",NA,NA,"casual"
"FD09521D49F2B1D2","electric_bike",2022-10-01 09:01:02,2022-10-01 09:01:02,"Rush St & Cedar St","KA1504000133",NA,NA,"member"
"0E8931564FA5DE62","electric_bike",2022-10-12 23:21:49,2022-10-12 23:21:49,"Kedzie Ave & Palmer Ct","13292",NA,NA,"member"
"FD4A911EC480FA47","electric_bike",2022-10-01 18:50:03,2022-10-01 18:50:03,"Wells St & Concord Ln","TA1308000050",NA,NA,"casual"
"C950EED297B3146C","electric_bike",2022-10-15 14:38:38,2022-10-15 14:38:38,"McClurg Ct & Ohio St","TA1306000029",NA,NA,"casual"
"7583E0BA1629DF59","electric_bike",2022-10-26 16:19:29,2022-10-26 16:19:29,"Desplaines St & Randolph St","15535",NA,NA,"casual"
"BA0CAF8DE6614201","electric_bike",2022-10-27 23:51:26,2022-10-27 23:51:26,"Sheridan Rd & Noyes St (NU)","604",NA,NA,"member"
"D948CEECBD356EAB","electric_bike",2022-10-24 17:03:29,2022-10-24 17:03:28,NA,NA,NA,NA,"member"
"FDE7D6AFCC02900D","electric_bike",2022-10-19 19:40:20,2022-10-19 19:40:20,"California Ave & Milwaukee Ave","13084",NA,NA,"casual"
"3EA2369E97CA5606","classic_bike",2022-10-20 19:36:36,2022-10-20 19:36:36,"California Ave & Division St","13256","California Ave & Division St","13256","member"
"FD2452450395C300","electric_bike",2022-10-03 21:07:40,2022-10-03 21:07:40,"Kedzie Ave & Milwaukee Ave","13085",NA,NA,"casual"
"54BCEF33080581FE","electric_bike",2022-10-04 16:13:53,2022-10-04 16:13:53,"Milwaukee Ave & Grand Ave","13033",NA,NA,"member"
"A6FEEBEB2F90A7A4","electric_bike",2022-10-26 08:08:07,2022-10-26 08:08:07,"Clinton St & Lake St","13021",NA,NA,"member"
"F7A0EAE606004538","electric_bike",2022-10-25 12:29:35,2022-10-25 12:29:35,"Ellis Ave & 60th St","KA1503000014",NA,NA,"member"
"DC3F3A08D9C989F1","electric_bike",2022-10-06 18:12:59,2022-10-06 18:12:59,"Lincoln Ave & Sunnyside Ave","TA1307000156",NA,NA,"member"
"0F24E0BE788DD8BE","electric_bike",2022-10-20 15:37:49,2022-10-20 15:37:49,"Paulina St & Howard St","515",NA,NA,"casual"
"ADF130C26B2517FB","electric_bike",2022-10-01 18:44:24,2022-10-01 18:44:24,"Halsted St & Dickens Ave","13192",NA,NA,"casual"
"B2AF4E4EAD52A08F","electric_bike",2022-10-29 09:34:50,2022-10-29 09:34:50,"Maplewood Ave & Peterson Ave","KA1504000130",NA,NA,"member"
"83204FE34C4E8F1D","electric_bike",2022-10-03 17:08:54,2022-10-03 17:08:54,"Western Ave & Congress Pkwy","15668",NA,NA,"member"
"5BF41C5685CB7FC5","electric_bike",2022-10-09 17:49:34,2022-10-09 17:49:34,"MLK Jr Dr & 56th St","KA1503000073",NA,NA,"member"
"7D60D1F8ADA5910A","electric_bike",2022-10-28 20:42:34,2022-10-28 20:42:34,"Canal St & Adams St","13011",NA,NA,"casual"
"C90DCE07B263E858","electric_bike",2022-10-01 17:01:15,2022-10-01 17:01:15,"Southport Ave & Waveland Ave","13235",NA,NA,"casual"
"75A1231FDB455290","electric_bike",2022-10-14 07:13:37,2022-10-14 07:13:37,"Wood St & Milwaukee Ave","13221",NA,NA,"casual"
"F53D377F34DB978B","electric_bike",2022-10-16 10:34:34,2022-10-16 10:34:34,"Wabash Ave & Adams St","KA1503000015",NA,NA,"member"
"87C3A1C1637E27A9","electric_bike",2022-10-09 16:40:23,2022-10-09 16:40:23,"Michigan Ave & Jackson Blvd","TA1309000002",NA,NA,"casual"
"8C3FBF59C913E2A6","electric_bike",2022-10-12 17:28:05,2022-10-12 17:28:05,"Clark St & Schiller St","TA1309000024",NA,NA,"member"
"FC3CEE49252A65AE","classic_bike",2022-10-21 11:26:32,2022-10-21 11:26:32,"Indiana Ave & Roosevelt Rd","SL-005","Indiana Ave & Roosevelt Rd","SL-005","casual"
"4134EB5C44C76FDB","electric_bike",2022-10-12 08:05:13,2022-10-12 08:05:13,"Larrabee St & Webster Ave","13193","Larrabee St & Webster Ave","13193","casual"
"53C0EA485F89ED0E","classic_bike",2022-10-07 15:40:18,2022-10-07 15:40:18,"Sheffield Ave & Kingsbury St","13154","Sheffield Ave & Kingsbury St","13154","member"
"411F609A2E4C54F2","electric_bike",2022-10-07 15:19:21,2022-10-07 15:19:21,"Kimball Ave & Belmont Ave","KA150400009X","Public Rack - Christiana Ave & Belmont Ave","499","member"
"2896635694A8BC24","electric_bike",2022-10-23 17:01:13,2022-10-23 17:01:13,"Sheffield Ave & Wrightwood Ave","TA1309000023","Sheffield Ave & Wrightwood Ave","TA1309000023","member"
"0D996C08614E95E6","electric_bike",2022-10-13 11:17:28,2022-10-13 11:17:28,"DuSable Lake Shore Dr & Monroe St","13300",NA,NA,"casual"
"A31135680D5A27AB","electric_bike",2022-10-18 15:40:17,2022-10-18 15:40:17,"Ellis Ave & 55th St","KA1504000076",NA,NA,"member"
"2E73166B6573EEC7","electric_bike",2022-10-17 17:03:25,2022-10-17 17:03:25,"Kingsbury St & Kinzie St","KA1503000043",NA,NA,"member"
"A1F52FF160D1AECD","electric_bike",2022-10-09 07:59:30,2022-10-09 07:59:30,"Sedgwick St & North Ave","TA1307000038",NA,NA,"casual"
"C458BA2D2AA54F73","electric_bike",2022-10-11 11:27:34,2022-10-11 11:27:34,"Blackstone Ave & Hyde Park Blvd","13398",NA,NA,"member"
"15BEA2CB2D1B0B7E","electric_bike",2022-10-05 18:25:33,2022-10-05 18:25:33,"Halsted St & Roscoe St","TA1309000025",NA,NA,"member"
"088C9ADC2E7E3852","electric_bike",2022-10-30 15:13:23,2022-10-30 15:13:23,"Clark St & Armitage Ave","13146","Clark St & Armitage Ave","13146","casual"
"39D610E4F25FBC78","electric_bike",2022-10-26 16:04:39,2022-10-26 16:04:39,"Sheridan Rd & Montrose Ave","TA1307000107","Sheridan Rd & Montrose Ave","TA1307000107","member"
"F6E1311FA460DCFF","classic_bike",2022-11-06 17:59:59,2022-11-06 17:59:59,"Streeter Dr & Grand Ave","13022","Streeter Dr & Grand Ave","13022","casual"
"2F7E2E2160BD54FF","electric_bike",2022-11-06 01:53:12,2022-11-06 01:30:03,"Western Ave & Winnebago Ave","13068","Campbell Ave & North Ave","13257","casual"
"77417E7D945B4D32","electric_bike",2022-11-06 01:54:17,2022-11-06 01:29:40,"Western Ave & Winnebago Ave","13068","Campbell Ave & North Ave","13257","member"
"282E9B9EBF476CC4","electric_bike",2022-11-29 09:12:43,2022-11-29 09:12:43,"Leavitt St & Belmont Ave","KA17018068","Leavitt St & Belmont Ave","KA17018068","member"
"D0777AB1FF817CCE","electric_bike",2022-11-06 01:59:33,2022-11-06 01:04:55,NA,NA,"Sheffield Ave & Waveland Ave","TA1307000126","casual"
"309BA8741F370C2B","electric_bike",2022-11-06 01:39:08,2022-11-06 01:01:34,"Sheridan Rd & Columbia Ave","660","Sheridan Rd & Columbia Ave","660","member"
"A486387C46E26BE4","classic_bike",2022-11-06 01:50:49,2022-11-06 01:02:20,"Clark St & Wellington Ave","TA1307000136","Sheridan Rd & Irving Park Rd","13063","casual"
"12CB3B431621B665","electric_bike",2022-11-13 14:53:21,2022-11-13 14:53:21,"May St & Cullerton St","13331","May St & Cullerton St","13331","member"
"99992E78E0DA37A5","electric_bike",2022-11-07 13:16:54,2022-11-07 13:16:54,"Racine Ave & 15th St","13304","Racine Ave & 15th St","13304","casual"
"74231213FDA5EA03","electric_bike",2022-11-06 01:32:51,2022-11-06 01:00:24,"Clark St & Schiller St","TA1309000024","State St & 33rd St","13216","member"
"B6BED893E15AEF2B","electric_bike",2022-11-03 08:43:15,2022-11-03 08:43:15,"Ashland Ave & Lake St","13073","Ashland Ave & Lake St","13073","casual"
"E94F1FD1306C0F9D","classic_bike",2022-11-06 01:51:43,2022-11-06 01:01:23,"Sheffield Ave & Wellington Ave","TA1307000052","Broadway & Sheridan Rd","13323","member"
"71940A5D4B8C92D9","electric_bike",2022-11-18 16:20:53,2022-11-18 16:20:28,NA,NA,"Kingsbury St & Kinzie St","KA1503000043","member"
"709F4CC28BC5B9D6","electric_bike",2022-11-06 01:59:10,2022-11-06 01:10:49,"Southport Ave & Waveland Ave","13235","Sheffield Ave & Wrightwood Ave","TA1309000023","casual"
"79E7DBAFEA289A6E","electric_bike",2022-11-15 13:34:35,2022-11-15 13:34:35,"Racine Ave & Congress Pkwy","TA1306000025","Racine Ave & Congress Pkwy","TA1306000025","member"
"30BA9E7F8225D0B1","classic_bike",2022-11-06 01:52:29,2022-11-06 01:01:11,"Sheffield Ave & Fullerton Ave","TA1306000016","Wilton Ave & Belmont Ave","TA1307000134","casual"
"BC580FF9E5188FE2","electric_bike",2022-11-06 01:49:12,2022-11-06 01:01:40,"Sheffield Ave & Fullerton Ave","TA1306000016","Wilton Ave & Belmont Ave","TA1307000134","member"
"5B15C685C741E678","classic_bike",2022-11-06 01:59:53,2022-11-06 01:25:35,"Clark St & Schiller St","TA1309000024","Clarendon Ave & Leland Ave","TA1307000119","member"
"77FC1E2CF9B42065","electric_bike",2022-11-02 13:30:01,2022-11-02 13:30:01,NA,NA,"DuSable Lake Shore Dr & Monroe St","13300","member"
"EA0AC18A7210CFD8","electric_bike",2022-11-06 01:55:06,2022-11-06 01:00:04,"Racine Ave & Wrightwood Ave","TA1309000059","Southport Ave & Wellington Ave","TA1307000006","casual"
"8E63B36510B38694","electric_bike",2022-11-06 01:54:30,2022-11-06 01:37:13,"McClurg Ct & Ohio St","TA1306000029","McClurg Ct & Ohio St","TA1306000029","casual"
"7A119D7D10AABFB9","electric_bike",2022-11-06 01:37:09,2022-11-06 01:37:06,"McClurg Ct & Ohio St","TA1306000029","McClurg Ct & Ohio St","TA1306000029","casual"
"72C7B4E6882492B1","electric_bike",2022-11-06 01:37:55,2022-11-06 01:37:10,"McClurg Ct & Ohio St","TA1306000029","McClurg Ct & Ohio St","TA1306000029","casual"
"C7141D479EB80507","electric_bike",2022-11-06 01:56:47,2022-11-06 01:37:15,"McClurg Ct & Ohio St","TA1306000029","McClurg Ct & Ohio St","TA1306000029","casual"
"8BC7D5602F31D869","electric_bike",2022-11-06 01:52:40,2022-11-06 01:37:18,"McClurg Ct & Ohio St","TA1306000029","McClurg Ct & Ohio St","TA1306000029","casual"
"1BA46F9F216F5E17","electric_bike",2022-11-06 01:58:11,2022-11-06 01:00:12,"Pine Grove Ave & Waveland Ave","TA1307000150","Broadway & Cornelia Ave","13278","casual"
"E49977F7B87C3CE4","electric_bike",2022-11-04 18:09:26,2022-11-04 18:09:26,"Clark St & 9th St (AMLI)","SL-009","Clark St & 9th St (AMLI)","SL-009","member"
"35D7B0CC880D577B","electric_bike",2022-11-06 01:56:40,2022-11-06 01:16:42,"Halsted St & Archer Ave","TA1308000013","Damen Ave & 51st St","554","casual"
"B1E7F86FF2CAF18E","classic_bike",2022-11-06 01:50:30,2022-11-06 01:01:06,"New St & Illinois St","TA1306000013","Wabash Ave & Grand Ave","TA1307000117","casual"
"C055408DBE44D1C1","classic_bike",2022-11-06 01:47:22,2022-11-06 01:13:53,"Dearborn St & Erie St","13045","Clark St & Newport St","632","casual"
"F591E5F1CEB97D1D","classic_bike",2022-11-06 01:57:01,2022-11-06 01:21:33,"Ashland Ave & Division St","13061","Clark St & Newport St","632","casual"
"A73CB6933956C784","electric_bike",2022-11-18 16:18:33,2022-11-18 16:18:33,"Hermitage Ave & Polk St","13080","Hermitage Ave & Polk St","13080","member"
"095239BF2E5D3982","electric_bike",2022-11-03 12:31:54,2022-11-03 12:31:54,"Ogden Ave & Roosevelt Rd","KA1504000101","Ogden Ave & Roosevelt Rd","KA1504000101","member"
"B9EE6C73F013FEA5","classic_bike",2022-11-06 01:58:35,2022-11-06 01:05:51,"Southport Ave & Roscoe St","13071","Sheffield Ave & Wellington Ave","TA1307000052","casual"
"610571AD9F7F9789","classic_bike",2022-11-25 16:46:49,2022-11-25 16:46:49,"Clinton St & Lake St","13021","Clinton St & Lake St","13021","member"
"5FBFC1FD44AD3467","electric_bike",2022-11-06 01:59:42,2022-11-06 01:10:27,"Sedgwick St & Webster Ave","13191","Clark St & Elm St","TA1307000039","casual"
"42AA6484DDE16CAA","classic_bike",2022-11-06 01:57:57,2022-11-06 01:06:27,"Broadway & Barry Ave","13137","Sedgwick St & Webster Ave","13191","member"
"9709ACD5F0E8222D","classic_bike",2022-11-14 00:21:59,2022-11-14 00:17:36,"Fort Dearborn Dr & 31st St","TA1307000048","MLK Jr Dr & 29th St","TA1307000139","member"
"0C87ABEF3511C8C7","classic_bike",2022-11-06 01:43:29,2022-11-06 01:12:25,"LaSalle St & Illinois St","13430","Wells St & Elm St","KA1504000135","casual"
"2A533E57397B5D4E","electric_bike",2022-11-06 01:57:21,2022-11-06 01:02:07,"Sheffield Ave & Waveland Ave","TA1307000126","Clarendon Ave & Junior Ter","13389","member"
"2D98008FFB28C1B8","electric_bike",2022-11-06 01:56:17,2022-11-06 01:12:19,"Wabash Ave & Grand Ave","TA1307000117","Wells St & Elm St","KA1504000135","casual"
"112ED5B9200BFD2A","classic_bike",2022-11-06 01:46:10,2022-11-06 01:06:44,"Sheffield Ave & Webster Ave","TA1309000033","Wells St & Institute Pl","22001","casual"
"417746CBEB92A34E","classic_bike",2022-11-06 01:46:17,2022-11-06 01:05:13,"Wells St & Hubbard St","TA1307000151","Aberdeen St & Jackson Blvd","13157","member"
"B5602D5BB3D517F6","electric_bike",2022-11-06 01:59:05,2022-11-06 01:02:03,"Western Ave & Winnebago Ave","13068","California Ave & Milwaukee Ave","13084","member"
"AF62B881CEBBC69F","electric_bike",2022-11-06 01:51:53,2022-11-06 01:18:03,NA,NA,NA,NA,"member"
"AC7CFEA1BD43299C","electric_bike",2022-11-09 14:39:12,2022-11-09 14:39:12,"Orleans St & Hubbard St","636",NA,NA,"member"
"FE589CC3EA2316A8","electric_bike",2022-11-29 20:37:02,2022-11-29 20:37:02,"Desplaines St & Kinzie St","TA1306000003",NA,NA,"casual"
"DFC82699B14E4206","electric_bike",2022-11-06 01:58:34,2022-11-06 01:03:24,NA,NA,NA,NA,"casual"
"77AF3D7EDC00ECE8","electric_bike",2022-11-09 17:29:41,2022-11-09 17:29:41,"State St & Kinzie St","13050",NA,NA,"member"
"4261E8D76BBC7807","electric_bike",2022-11-06 01:29:27,2022-11-06 01:12:58,"DuSable Lake Shore Dr & Monroe St","13300",NA,NA,"casual"
"7598EB707107648D","electric_bike",2022-11-06 01:15:50,2022-11-06 01:01:57,"Federal St & Polk St","SL-008",NA,NA,"casual"
"764394EE0BCFEE45","electric_bike",2022-11-22 15:40:45,2022-11-22 15:40:45,"Green St & Randolph St*","chargingstx3",NA,NA,"casual"
"75780B25C9DF4DB1","electric_bike",2022-11-06 01:59:42,2022-11-06 01:04:20,"Wilton Ave & Diversey Pkwy","TA1306000014",NA,NA,"member"
"4139B11634039661","classic_bike",2022-11-06 01:58:46,2022-11-06 01:11:33,"Clark St & Grace St","TA1307000127","Broadway & Berwyn Ave","13109","member"
"1BA8DEBE4E13DD1D","electric_bike",2022-11-06 01:52:09,2022-11-06 01:04:23,"State St & Chicago Ave","21544",NA,NA,"casual"
"FB90B13B85686836","electric_bike",2022-11-06 01:51:26,2022-11-06 01:13:46,"Clarendon Ave & Junior Ter","13389",NA,NA,"member"
"854C70C6B7622B97","electric_bike",2022-11-02 18:49:44,2022-11-02 18:49:44,"May St & Taylor St","13160",NA,NA,"member"
"E6F5EDB5172A30AE","electric_bike",2022-11-02 13:54:36,2022-11-02 13:54:36,"State St & Chicago Ave","21544",NA,NA,"member"
"4A038486F92C8BD3","electric_bike",2022-12-06 16:04:35,2022-12-06 16:04:35,"Malcolm X College","631","Malcolm X College","631","member"
"F6324ADBBCD55A55","classic_bike",2022-12-04 15:33:53,2022-12-04 15:33:53,"Michigan Ave & Jackson Blvd","TA1309000002","Michigan Ave & Jackson Blvd","TA1309000002","casual"
"81CA2D7BC14D2EDF","electric_bike",2022-12-09 17:09:37,2022-12-09 17:09:37,"Lakeview Ave & Fullerton Pkwy","TA1309000019",NA,NA,"member"
"A20DEC11D04E4EF4","electric_bike",2022-12-15 19:14:29,2022-12-15 19:14:29,"Christiana Ave & Lawrence Ave","15615","Christiana Ave & Lawrence Ave","15615","member"
"5096BC0BB8535988","electric_bike",2022-12-05 13:09:20,2022-12-05 13:09:20,"Lincoln Ave & Fullerton Ave","TA1309000058",NA,NA,"member"
"8CD19E25A3A8AB05","electric_bike",2022-12-27 09:45:01,2022-12-27 09:45:01,"Ashland Ave & McDowell Ave","16937","Ashland Ave & McDowell Ave","16937","member"
"F25E968E05C04B0B","electric_bike",2022-12-08 16:27:01,2022-12-08 16:27:01,"Blue Island Ave & 18th St","13135","Blue Island Ave & 18th St","13135","member"
"8E289035F835A20F","electric_bike",2022-12-12 16:32:14,2022-12-12 16:32:14,"Ravenswood Ave & Lawrence Ave","TA1309000066","Ravenswood Ave & Lawrence Ave","TA1309000066","member"
"28BC91E0933B2FC7","electric_bike",2022-12-18 14:06:06,2022-12-18 14:06:06,"Mies van der Rohe Way & Chicago Ave","13338","Mies van der Rohe Way & Chicago Ave","13338","casual"
"0D6D8E1FB6361A7F","classic_bike",2022-12-09 17:00:05,2022-12-09 17:00:05,"LaSalle St & Jackson Blvd","TA1309000004","LaSalle St & Jackson Blvd","TA1309000004","member"
"CE8B25EE8BC25DF2","electric_bike",2022-12-18 11:54:47,2022-12-18 11:54:47,"Franklin St & Illinois St","RN-","Franklin St & Illinois St","RN-","casual"
"1C9AC091E19D9909","electric_bike",2022-12-08 17:05:32,2022-12-08 17:05:32,"Lincoln Ave & Winona St","KA1504000078",NA,NA,"member"
"4EEBB6ACBEBE8E80","electric_bike",2022-12-10 13:33:49,2022-12-10 13:33:49,"Lincoln Ave & Roscoe St*","chargingstx5",NA,NA,"member"
"3542B0541AA38AB6","classic_bike",2022-12-10 11:59:06,2022-12-10 11:59:06,"Lincoln Ave & Roscoe St*","chargingstx5","Lincoln Ave & Roscoe St*","chargingstx5","member"
"3F5B7E5AD8A6FE18","electric_bike",2023-01-17 08:31:49,2023-01-17 08:31:49,"Marine Dr & Ainslie St","KA1504000171","Marine Dr & Ainslie St","KA1504000171","casual"
"5394CACAFE68B950","electric_bike",2023-01-05 09:10:39,2023-01-05 09:10:39,"Carpenter St & Huron St","13196","Carpenter St & Huron St","13196","casual"
"4AE8A56D4F625567","electric_bike",2023-01-05 16:53:43,2023-01-05 16:53:43,"Clark St & Lake St","KA1503000012","Clark St & Lake St","KA1503000012","member"
"AB6BF61F4BB57AAB","electric_bike",2023-01-08 14:27:26,2023-01-08 14:27:26,"Dearborn St & Monroe St","TA1305000006","Dearborn St & Monroe St","TA1305000006","casual"
"217607C32D92EACA","electric_bike",2023-01-30 16:02:40,2023-01-30 16:02:40,"Larrabee St & Kingsbury St","TA1306000009",NA,NA,"member"
"7232555C13559F0E","electric_bike",2023-01-28 19:53:31,2023-01-28 19:53:31,"Wells St & Huron St","TA1306000012",NA,NA,"member"
"31BB0F880A229614","electric_bike",2023-01-27 07:36:05,2023-01-27 07:36:05,"Clark St & Elm St","TA1307000039",NA,NA,"member"
"F5F224964EBAC94C","electric_bike",2023-01-27 10:14:40,2023-01-27 10:14:40,"Clark St & Elm St","TA1307000039",NA,NA,"member"
"6B3734E0279EB5A6","electric_bike",2023-02-19 17:52:09,2023-02-19 17:52:09,"Rush St & Cedar St","KA1504000133","Rush St & Cedar St","KA1504000133","member"
"AC766EABAF793752","classic_bike",2023-02-21 07:02:41,2023-02-21 07:02:41,"Ellis Ave & 60th St","KA1503000014","Ellis Ave & 60th St","KA1503000014","member"
"0D9997893C9DD4B3","classic_bike",2023-02-02 09:56:16,2023-02-02 09:56:16,"University Ave & 57th St","KA1503000071","University Ave & 57th St","KA1503000071","member"
"33D22D2B6D55AF85","electric_bike",2023-02-17 16:42:09,2023-02-17 16:42:09,"Fairbanks St & Superior St","18003","Fairbanks St & Superior St","18003","casual"
"7A7C84B8EF93881A","electric_bike",2023-02-24 16:14:47,2023-02-24 16:14:47,"Wells St & Polk St","SL-011","Wells St & Polk St","SL-011","member"
"85F9B883DFFCDC1F","classic_bike",2023-02-10 17:22:32,2023-02-10 17:22:32,"Kingsbury St & Kinzie St","KA1503000043","Kingsbury St & Kinzie St","KA1503000043","member"
"4EFC95304E050AA1","electric_bike",2023-02-04 13:08:08,2023-02-04 13:04:52,NA,NA,"Dearborn St & Monroe St","TA1305000006","member"
"35C5329746FD8D6F","electric_bike",2023-02-24 08:46:11,2023-02-24 08:46:11,"California Ave & Fletcher St","15642","California Ave & Fletcher St","15642","member"
"9074D3D3AE3635F9","electric_bike",2023-02-26 14:04:36,2023-02-26 14:04:36,"Michigan Ave & Washington St","13001","Michigan Ave & Washington St","13001","casual"
